Timestamp,Pushups,User
2022-01-01 12:00:00,0,Inga
2022-01-01 12:00:00,0,Kaari
2022-01-01 12:00:00,0,Kelly
2022-01-01 12:00:00,0,Kevin
2022-01-01 12:00:00,0,Klara
2022-01-01 12:00:00,0,Maico
2022-01-01 12:00:00,0,Nick
2022-01-01 12:00:00,0,Stefan
2022-01-01 12:00:00,0,Tanya
2022-01-02 12:00:00,0,Inga
2022-01-02 12:00:00,0,Kaari
2022-01-02 12:00:00,0,Kelly
2022-01-02 12:00:00,0,Kevin
2022-01-02 12:00:00,0,Klara
2022-01-02 12:00:00,0,Maico
2022-01-02 12:00:00,0,Nick
2022-01-02 12:00:00,0,Stefan
2022-01-02 12:00:00,0,Tanya
2022-01-03 12:00:00,0,Inga
2022-01-03 12:00:00,0,Kaari
2022-01-03 12:00:00,0,Kelly
2022-01-03 12:00:00,0,Kevin
2022-01-03 12:00:00,0,Klara
2022-01-03 12:00:00,0,Maico
2022-01-03 12:00:00,0,Nick
2022-01-03 12:00:00,0,Stefan
2022-01-03 12:00:00,0,Tanya
2022-01-04 12:00:00,0,Inga
2022-01-04 12:00:00,0,Kaari
2022-01-04 12:00:00,0,Kelly
2022-01-04 12:00:00,0,Kevin
2022-01-04 12:00:00,0,Klara
2022-01-04 12:00:00,0,Maico
2022-01-04 12:00:00,0,Nick
2022-01-04 12:00:00,0,Stefan
2022-01-04 12:00:00,0,Tanya
2022-01-05 12:00:00,0,Inga
2022-01-05 12:00:00,0,Kaari
2022-01-05 12:00:00,0,Kelly
2022-01-05 12:00:00,0,Kevin
2022-01-05 12:00:00,0,Klara
2022-01-05 12:00:00,0,Maico
2022-01-05 12:00:00,0,Nick
2022-01-05 12:00:00,0,Tanya
2022-01-05 12:00:00,35,Stefan
2022-01-06 12:00:00,0,Inga
2022-01-06 12:00:00,0,Kaari
2022-01-06 12:00:00,0,Kelly
2022-01-06 12:00:00,0,Kevin
2022-01-06 12:00:00,0,Klara
2022-01-06 12:00:00,0,Maico
2022-01-06 12:00:00,0,Nick
2022-01-06 12:00:00,0,Tanya
2022-01-06 12:00:00,1,Stefan
2022-01-07 12:00:00,0,Inga
2022-01-07 12:00:00,0,Kaari
2022-01-07 12:00:00,0,Kelly
2022-01-07 12:00:00,0,Kevin
2022-01-07 12:00:00,0,Klara
2022-01-07 12:00:00,0,Maico
2022-01-07 12:00:00,0,Nick
2022-01-07 12:00:00,0,Stefan
2022-01-07 12:00:00,0,Tanya
2022-01-08 12:00:00,0,Inga
2022-01-08 12:00:00,0,Kaari
2022-01-08 12:00:00,0,Kelly
2022-01-08 12:00:00,0,Kevin
2022-01-08 12:00:00,0,Klara
2022-01-08 12:00:00,0,Maico
2022-01-08 12:00:00,0,Nick
2022-01-08 12:00:00,0,Tanya
2022-01-08 12:00:00,57,Stefan
2022-01-09 12:00:00,0,Inga
2022-01-09 12:00:00,0,Kaari
2022-01-09 12:00:00,0,Kelly
2022-01-09 12:00:00,0,Kevin
2022-01-09 12:00:00,0,Klara
2022-01-09 12:00:00,0,Maico
2022-01-09 12:00:00,0,Nick
2022-01-09 12:00:00,0,Tanya
2022-01-09 12:00:00,35,Stefan
2022-01-10 12:00:00,0,Inga
2022-01-10 12:00:00,0,Kaari
2022-01-10 12:00:00,0,Kelly
2022-01-10 12:00:00,0,Kevin
2022-01-10 12:00:00,0,Klara
2022-01-10 12:00:00,0,Maico
2022-01-10 12:00:00,0,Nick
2022-01-10 12:00:00,0,Tanya
2022-01-10 12:00:00,45,Stefan
2022-01-11 12:00:00,0,Inga
2022-01-11 12:00:00,0,Kaari
2022-01-11 12:00:00,0,Kelly
2022-01-11 12:00:00,0,Kevin
2022-01-11 12:00:00,0,Klara
2022-01-11 12:00:00,0,Maico
2022-01-11 12:00:00,0,Nick
2022-01-11 12:00:00,0,Tanya
2022-01-11 12:00:00,40,Stefan
2022-01-12 12:00:00,0,Inga
2022-01-12 12:00:00,0,Kaari
2022-01-12 12:00:00,0,Kelly
2022-01-12 12:00:00,0,Kevin
2022-01-12 12:00:00,0,Klara
2022-01-12 12:00:00,0,Maico
2022-01-12 12:00:00,0,Nick
2022-01-12 12:00:00,0,Tanya
2022-01-12 12:00:00,60,Stefan
2022-01-13 12:00:00,0,Inga
2022-01-13 12:00:00,0,Kaari
2022-01-13 12:00:00,0,Kelly
2022-01-13 12:00:00,0,Kevin
2022-01-13 12:00:00,0,Klara
2022-01-13 12:00:00,0,Maico
2022-01-13 12:00:00,0,Nick
2022-01-13 12:00:00,0,Tanya
2022-01-13 12:00:00,2,Stefan
2022-01-14 12:00:00,0,Inga
2022-01-14 12:00:00,0,Kaari
2022-01-14 12:00:00,0,Kelly
2022-01-14 12:00:00,0,Kevin
2022-01-14 12:00:00,0,Klara
2022-01-14 12:00:00,0,Maico
2022-01-14 12:00:00,0,Nick
2022-01-14 12:00:00,0,Tanya
2022-01-14 12:00:00,17,Stefan
2022-01-15 12:00:00,0,Inga
2022-01-15 12:00:00,0,Kaari
2022-01-15 12:00:00,0,Kelly
2022-01-15 12:00:00,0,Kevin
2022-01-15 12:00:00,0,Klara
2022-01-15 12:00:00,0,Maico
2022-01-15 12:00:00,0,Nick
2022-01-15 12:00:00,0,Stefan
2022-01-15 12:00:00,0,Tanya
2022-01-16 12:00:00,0,Inga
2022-01-16 12:00:00,0,Kaari
2022-01-16 12:00:00,0,Kelly
2022-01-16 12:00:00,0,Kevin
2022-01-16 12:00:00,0,Klara
2022-01-16 12:00:00,0,Maico
2022-01-16 12:00:00,0,Nick
2022-01-16 12:00:00,0,Stefan
2022-01-16 12:00:00,0,Tanya
2022-01-17 12:00:00,0,Inga
2022-01-17 12:00:00,0,Kaari
2022-01-17 12:00:00,0,Kelly
2022-01-17 12:00:00,0,Kevin
2022-01-17 12:00:00,0,Klara
2022-01-17 12:00:00,0,Maico
2022-01-17 12:00:00,0,Nick
2022-01-17 12:00:00,0,Stefan
2022-01-17 12:00:00,0,Tanya
2022-01-18 12:00:00,0,Inga
2022-01-18 12:00:00,0,Kaari
2022-01-18 12:00:00,0,Kelly
2022-01-18 12:00:00,0,Kevin
2022-01-18 12:00:00,0,Klara
2022-01-18 12:00:00,0,Maico
2022-01-18 12:00:00,0,Nick
2022-01-18 12:00:00,0,Stefan
2022-01-18 12:00:00,0,Tanya
2022-01-19 12:00:00,0,Inga
2022-01-19 12:00:00,0,Kaari
2022-01-19 12:00:00,0,Kelly
2022-01-19 12:00:00,0,Kevin
2022-01-19 12:00:00,0,Klara
2022-01-19 12:00:00,0,Maico
2022-01-19 12:00:00,0,Nick
2022-01-19 12:00:00,0,Stefan
2022-01-19 12:00:00,0,Tanya
2022-01-20 12:00:00,0,Inga
2022-01-20 12:00:00,0,Kaari
2022-01-20 12:00:00,0,Kelly
2022-01-20 12:00:00,0,Kevin
2022-01-20 12:00:00,0,Klara
2022-01-20 12:00:00,0,Maico
2022-01-20 12:00:00,0,Nick
2022-01-20 12:00:00,0,Tanya
2022-01-20 12:00:00,25,Stefan
2022-01-21 12:00:00,0,Inga
2022-01-21 12:00:00,0,Kaari
2022-01-21 12:00:00,0,Kelly
2022-01-21 12:00:00,0,Kevin
2022-01-21 12:00:00,0,Klara
2022-01-21 12:00:00,0,Maico
2022-01-21 12:00:00,0,Nick
2022-01-21 12:00:00,0,Stefan
2022-01-21 12:00:00,0,Tanya
2022-01-22 12:00:00,0,Inga
2022-01-22 12:00:00,0,Kaari
2022-01-22 12:00:00,0,Kelly
2022-01-22 12:00:00,0,Kevin
2022-01-22 12:00:00,0,Klara
2022-01-22 12:00:00,0,Maico
2022-01-22 12:00:00,0,Nick
2022-01-22 12:00:00,0,Tanya
2022-01-22 12:00:00,50,Stefan
2022-01-23 12:00:00,0,Inga
2022-01-23 12:00:00,0,Kaari
2022-01-23 12:00:00,0,Kelly
2022-01-23 12:00:00,0,Kevin
2022-01-23 12:00:00,0,Klara
2022-01-23 12:00:00,0,Maico
2022-01-23 12:00:00,0,Nick
2022-01-23 12:00:00,0,Tanya
2022-01-23 12:00:00,30,Stefan
2022-01-24 12:00:00,0,Inga
2022-01-24 12:00:00,0,Kaari
2022-01-24 12:00:00,0,Kelly
2022-01-24 12:00:00,0,Kevin
2022-01-24 12:00:00,0,Klara
2022-01-24 12:00:00,0,Maico
2022-01-24 12:00:00,0,Nick
2022-01-24 12:00:00,0,Tanya
2022-01-24 12:00:00,30,Stefan
2022-01-25 12:00:00,0,Inga
2022-01-25 12:00:00,0,Kaari
2022-01-25 12:00:00,0,Kelly
2022-01-25 12:00:00,0,Kevin
2022-01-25 12:00:00,0,Klara
2022-01-25 12:00:00,0,Maico
2022-01-25 12:00:00,0,Nick
2022-01-25 12:00:00,0,Tanya
2022-01-25 12:00:00,30,Stefan
2022-01-26 12:00:00,0,Inga
2022-01-26 12:00:00,0,Kaari
2022-01-26 12:00:00,0,Kelly
2022-01-26 12:00:00,0,Kevin
2022-01-26 12:00:00,0,Klara
2022-01-26 12:00:00,0,Maico
2022-01-26 12:00:00,0,Nick
2022-01-26 12:00:00,0,Stefan
2022-01-26 12:00:00,0,Tanya
2022-01-27 12:00:00,0,Inga
2022-01-27 12:00:00,0,Kaari
2022-01-27 12:00:00,0,Kelly
2022-01-27 12:00:00,0,Kevin
2022-01-27 12:00:00,0,Klara
2022-01-27 12:00:00,0,Maico
2022-01-27 12:00:00,0,Nick
2022-01-27 12:00:00,0,Tanya
2022-01-27 12:00:00,55,Stefan
2022-01-28 12:00:00,0,Inga
2022-01-28 12:00:00,0,Kaari
2022-01-28 12:00:00,0,Kelly
2022-01-28 12:00:00,0,Kevin
2022-01-28 12:00:00,0,Klara
2022-01-28 12:00:00,0,Maico
2022-01-28 12:00:00,0,Nick
2022-01-28 12:00:00,0,Tanya
2022-01-28 12:00:00,30,Stefan
2022-01-29 12:00:00,0,Inga
2022-01-29 12:00:00,0,Kaari
2022-01-29 12:00:00,0,Kelly
2022-01-29 12:00:00,0,Kevin
2022-01-29 12:00:00,0,Klara
2022-01-29 12:00:00,0,Maico
2022-01-29 12:00:00,0,Nick
2022-01-29 12:00:00,0,Tanya
2022-01-29 12:00:00,35,Stefan
2022-01-30 12:00:00,0,Inga
2022-01-30 12:00:00,0,Kaari
2022-01-30 12:00:00,0,Kelly
2022-01-30 12:00:00,0,Kevin
2022-01-30 12:00:00,0,Klara
2022-01-30 12:00:00,0,Maico
2022-01-30 12:00:00,0,Nick
2022-01-30 12:00:00,0,Tanya
2022-01-30 12:00:00,25,Stefan
2022-01-31 12:00:00,0,Inga
2022-01-31 12:00:00,0,Kaari
2022-01-31 12:00:00,0,Kelly
2022-01-31 12:00:00,0,Kevin
2022-01-31 12:00:00,0,Klara
2022-01-31 12:00:00,0,Maico
2022-01-31 12:00:00,0,Nick
2022-01-31 12:00:00,0,Tanya
2022-01-31 12:00:00,25,Stefan
2022-02-01 12:00:00,0,Inga
2022-02-01 12:00:00,0,Kaari
2022-02-01 12:00:00,0,Kelly
2022-02-01 12:00:00,0,Kevin
2022-02-01 12:00:00,0,Klara
2022-02-01 12:00:00,0,Maico
2022-02-01 12:00:00,0,Nick
2022-02-01 12:00:00,0,Tanya
2022-02-01 12:00:00,26,Stefan
2022-02-02 12:00:00,0,Inga
2022-02-02 12:00:00,0,Kaari
2022-02-02 12:00:00,0,Kelly
2022-02-02 12:00:00,0,Kevin
2022-02-02 12:00:00,0,Klara
2022-02-02 12:00:00,0,Maico
2022-02-02 12:00:00,0,Nick
2022-02-02 12:00:00,0,Stefan
2022-02-02 12:00:00,0,Tanya
2022-02-03 12:00:00,0,Inga
2022-02-03 12:00:00,0,Kaari
2022-02-03 12:00:00,0,Kelly
2022-02-03 12:00:00,0,Kevin
2022-02-03 12:00:00,0,Klara
2022-02-03 12:00:00,0,Maico
2022-02-03 12:00:00,0,Nick
2022-02-03 12:00:00,0,Tanya
2022-02-03 12:00:00,40,Stefan
2022-02-04 12:00:00,0,Inga
2022-02-04 12:00:00,0,Kaari
2022-02-04 12:00:00,0,Kelly
2022-02-04 12:00:00,0,Kevin
2022-02-04 12:00:00,0,Klara
2022-02-04 12:00:00,0,Maico
2022-02-04 12:00:00,0,Nick
2022-02-04 12:00:00,0,Stefan
2022-02-04 12:00:00,0,Tanya
2022-02-05 12:00:00,0,Inga
2022-02-05 12:00:00,0,Kaari
2022-02-05 12:00:00,0,Kelly
2022-02-05 12:00:00,0,Kevin
2022-02-05 12:00:00,0,Klara
2022-02-05 12:00:00,0,Maico
2022-02-05 12:00:00,0,Nick
2022-02-05 12:00:00,0,Stefan
2022-02-05 12:00:00,0,Tanya
2022-02-06 12:00:00,0,Inga
2022-02-06 12:00:00,0,Kaari
2022-02-06 12:00:00,0,Kelly
2022-02-06 12:00:00,0,Kevin
2022-02-06 12:00:00,0,Klara
2022-02-06 12:00:00,0,Maico
2022-02-06 12:00:00,0,Nick
2022-02-06 12:00:00,0,Stefan
2022-02-06 12:00:00,0,Tanya
2022-02-07 12:00:00,0,Inga
2022-02-07 12:00:00,0,Kaari
2022-02-07 12:00:00,0,Kelly
2022-02-07 12:00:00,0,Kevin
2022-02-07 12:00:00,0,Klara
2022-02-07 12:00:00,0,Maico
2022-02-07 12:00:00,0,Nick
2022-02-07 12:00:00,0,Stefan
2022-02-07 12:00:00,0,Tanya
2022-02-08 12:00:00,0,Inga
2022-02-08 12:00:00,0,Kaari
2022-02-08 12:00:00,0,Kelly
2022-02-08 12:00:00,0,Kevin
2022-02-08 12:00:00,0,Klara
2022-02-08 12:00:00,0,Maico
2022-02-08 12:00:00,0,Nick
2022-02-08 12:00:00,0,Tanya
2022-02-08 12:00:00,25,Stefan
2022-02-09 12:00:00,0,Inga
2022-02-09 12:00:00,0,Kaari
2022-02-09 12:00:00,0,Kelly
2022-02-09 12:00:00,0,Kevin
2022-02-09 12:00:00,0,Klara
2022-02-09 12:00:00,0,Maico
2022-02-09 12:00:00,0,Nick
2022-02-09 12:00:00,0,Stefan
2022-02-09 12:00:00,0,Tanya
2022-02-10 12:00:00,0,Inga
2022-02-10 12:00:00,0,Kaari
2022-02-10 12:00:00,0,Kelly
2022-02-10 12:00:00,0,Kevin
2022-02-10 12:00:00,0,Klara
2022-02-10 12:00:00,0,Maico
2022-02-10 12:00:00,0,Nick
2022-02-10 12:00:00,0,Tanya
2022-02-10 12:00:00,25,Stefan
2022-02-11 12:00:00,0,Inga
2022-02-11 12:00:00,0,Kaari
2022-02-11 12:00:00,0,Kelly
2022-02-11 12:00:00,0,Kevin
2022-02-11 12:00:00,0,Klara
2022-02-11 12:00:00,0,Maico
2022-02-11 12:00:00,0,Nick
2022-02-11 12:00:00,0,Tanya
2022-02-11 12:00:00,40,Stefan
2022-02-12 12:00:00,0,Inga
2022-02-12 12:00:00,0,Kaari
2022-02-12 12:00:00,0,Kelly
2022-02-12 12:00:00,0,Kevin
2022-02-12 12:00:00,0,Klara
2022-02-12 12:00:00,0,Maico
2022-02-12 12:00:00,0,Nick
2022-02-12 12:00:00,0,Tanya
2022-02-12 12:00:00,25,Stefan
2022-02-13 12:00:00,0,Inga
2022-02-13 12:00:00,0,Kaari
2022-02-13 12:00:00,0,Kelly
2022-02-13 12:00:00,0,Kevin
2022-02-13 12:00:00,0,Klara
2022-02-13 12:00:00,0,Maico
2022-02-13 12:00:00,0,Nick
2022-02-13 12:00:00,0,Tanya
2022-02-13 12:00:00,105,Stefan
2022-02-14 12:00:00,0,Inga
2022-02-14 12:00:00,0,Kaari
2022-02-14 12:00:00,0,Kelly
2022-02-14 12:00:00,0,Kevin
2022-02-14 12:00:00,0,Klara
2022-02-14 12:00:00,0,Maico
2022-02-14 12:00:00,0,Nick
2022-02-14 12:00:00,0,Stefan
2022-02-14 12:00:00,0,Tanya
2022-02-15 12:00:00,0,Inga
2022-02-15 12:00:00,0,Kaari
2022-02-15 12:00:00,0,Kelly
2022-02-15 12:00:00,0,Kevin
2022-02-15 12:00:00,0,Klara
2022-02-15 12:00:00,0,Maico
2022-02-15 12:00:00,0,Nick
2022-02-15 12:00:00,0,Stefan
2022-02-15 12:00:00,0,Tanya
2022-02-16 12:00:00,0,Inga
2022-02-16 12:00:00,0,Kaari
2022-02-16 12:00:00,0,Kelly
2022-02-16 12:00:00,0,Kevin
2022-02-16 12:00:00,0,Klara
2022-02-16 12:00:00,0,Maico
2022-02-16 12:00:00,0,Nick
2022-02-16 12:00:00,0,Tanya
2022-02-16 12:00:00,25,Stefan
2022-02-17 12:00:00,0,Inga
2022-02-17 12:00:00,0,Kaari
2022-02-17 12:00:00,0,Kelly
2022-02-17 12:00:00,0,Kevin
2022-02-17 12:00:00,0,Klara
2022-02-17 12:00:00,0,Maico
2022-02-17 12:00:00,0,Nick
2022-02-17 12:00:00,0,Tanya
2022-02-17 12:00:00,34,Stefan
2022-02-18 12:00:00,0,Inga
2022-02-18 12:00:00,0,Kaari
2022-02-18 12:00:00,0,Kelly
2022-02-18 12:00:00,0,Kevin
2022-02-18 12:00:00,0,Klara
2022-02-18 12:00:00,0,Maico
2022-02-18 12:00:00,0,Nick
2022-02-18 12:00:00,0,Stefan
2022-02-18 12:00:00,0,Tanya
2022-02-19 12:00:00,0,Inga
2022-02-19 12:00:00,0,Kaari
2022-02-19 12:00:00,0,Kelly
2022-02-19 12:00:00,0,Kevin
2022-02-19 12:00:00,0,Klara
2022-02-19 12:00:00,0,Maico
2022-02-19 12:00:00,0,Nick
2022-02-19 12:00:00,0,Tanya
2022-02-19 12:00:00,75,Stefan
2022-02-20 12:00:00,0,Inga
2022-02-20 12:00:00,0,Kaari
2022-02-20 12:00:00,0,Kelly
2022-02-20 12:00:00,0,Kevin
2022-02-20 12:00:00,0,Klara
2022-02-20 12:00:00,0,Maico
2022-02-20 12:00:00,0,Nick
2022-02-20 12:00:00,0,Tanya
2022-02-20 12:00:00,40,Stefan
2022-02-21 12:00:00,0,Inga
2022-02-21 12:00:00,0,Kaari
2022-02-21 12:00:00,0,Kelly
2022-02-21 12:00:00,0,Kevin
2022-02-21 12:00:00,0,Klara
2022-02-21 12:00:00,0,Maico
2022-02-21 12:00:00,0,Nick
2022-02-21 12:00:00,0,Stefan
2022-02-21 12:00:00,0,Tanya
2022-02-22 12:00:00,0,Inga
2022-02-22 12:00:00,0,Kaari
2022-02-22 12:00:00,0,Kelly
2022-02-22 12:00:00,0,Kevin
2022-02-22 12:00:00,0,Klara
2022-02-22 12:00:00,0,Maico
2022-02-22 12:00:00,0,Nick
2022-02-22 12:00:00,0,Tanya
2022-02-22 12:00:00,35,Stefan
2022-02-23 12:00:00,0,Inga
2022-02-23 12:00:00,0,Kaari
2022-02-23 12:00:00,0,Kelly
2022-02-23 12:00:00,0,Kevin
2022-02-23 12:00:00,0,Klara
2022-02-23 12:00:00,0,Maico
2022-02-23 12:00:00,0,Nick
2022-02-23 12:00:00,0,Tanya
2022-02-23 12:00:00,50,Stefan
2022-02-24 12:00:00,0,Inga
2022-02-24 12:00:00,0,Kaari
2022-02-24 12:00:00,0,Kelly
2022-02-24 12:00:00,0,Kevin
2022-02-24 12:00:00,0,Klara
2022-02-24 12:00:00,0,Maico
2022-02-24 12:00:00,0,Nick
2022-02-24 12:00:00,0,Stefan
2022-02-24 12:00:00,0,Tanya
2022-02-25 12:00:00,0,Inga
2022-02-25 12:00:00,0,Kaari
2022-02-25 12:00:00,0,Kelly
2022-02-25 12:00:00,0,Kevin
2022-02-25 12:00:00,0,Klara
2022-02-25 12:00:00,0,Maico
2022-02-25 12:00:00,0,Nick
2022-02-25 12:00:00,0,Tanya
2022-02-25 12:00:00,80,Stefan
2022-02-26 12:00:00,0,Inga
2022-02-26 12:00:00,0,Kaari
2022-02-26 12:00:00,0,Kelly
2022-02-26 12:00:00,0,Kevin
2022-02-26 12:00:00,0,Klara
2022-02-26 12:00:00,0,Maico
2022-02-26 12:00:00,0,Nick
2022-02-26 12:00:00,0,Stefan
2022-02-26 12:00:00,0,Tanya
2022-02-27 12:00:00,0,Inga
2022-02-27 12:00:00,0,Kaari
2022-02-27 12:00:00,0,Kelly
2022-02-27 12:00:00,0,Kevin
2022-02-27 12:00:00,0,Klara
2022-02-27 12:00:00,0,Maico
2022-02-27 12:00:00,0,Nick
2022-02-27 12:00:00,0,Stefan
2022-02-27 12:00:00,0,Tanya
2022-02-28 12:00:00,0,Inga
2022-02-28 12:00:00,0,Kaari
2022-02-28 12:00:00,0,Kelly
2022-02-28 12:00:00,0,Kevin
2022-02-28 12:00:00,0,Klara
2022-02-28 12:00:00,0,Maico
2022-02-28 12:00:00,0,Nick
2022-02-28 12:00:00,0,Stefan
2022-02-28 12:00:00,0,Tanya
2022-03-01 12:00:00,0,Inga
2022-03-01 12:00:00,0,Kaari
2022-03-01 12:00:00,0,Kelly
2022-03-01 12:00:00,0,Kevin
2022-03-01 12:00:00,0,Klara
2022-03-01 12:00:00,0,Maico
2022-03-01 12:00:00,0,Nick
2022-03-01 12:00:00,0,Stefan
2022-03-01 12:00:00,0,Tanya
2022-03-02 12:00:00,0,Inga
2022-03-02 12:00:00,0,Kaari
2022-03-02 12:00:00,0,Kelly
2022-03-02 12:00:00,0,Kevin
2022-03-02 12:00:00,0,Klara
2022-03-02 12:00:00,0,Maico
2022-03-02 12:00:00,0,Nick
2022-03-02 12:00:00,0,Stefan
2022-03-02 12:00:00,0,Tanya
2022-03-03 12:00:00,0,Inga
2022-03-03 12:00:00,0,Kaari
2022-03-03 12:00:00,0,Kelly
2022-03-03 12:00:00,0,Kevin
2022-03-03 12:00:00,0,Klara
2022-03-03 12:00:00,0,Maico
2022-03-03 12:00:00,0,Nick
2022-03-03 12:00:00,0,Stefan
2022-03-03 12:00:00,0,Tanya
2022-03-04 12:00:00,0,Inga
2022-03-04 12:00:00,0,Kaari
2022-03-04 12:00:00,0,Kelly
2022-03-04 12:00:00,0,Kevin
2022-03-04 12:00:00,0,Klara
2022-03-04 12:00:00,0,Maico
2022-03-04 12:00:00,0,Nick
2022-03-04 12:00:00,0,Stefan
2022-03-04 12:00:00,0,Tanya
2022-03-05 12:00:00,0,Inga
2022-03-05 12:00:00,0,Kaari
2022-03-05 12:00:00,0,Kelly
2022-03-05 12:00:00,0,Kevin
2022-03-05 12:00:00,0,Klara
2022-03-05 12:00:00,0,Maico
2022-03-05 12:00:00,0,Nick
2022-03-05 12:00:00,0,Stefan
2022-03-05 12:00:00,0,Tanya
2022-03-06 12:00:00,0,Inga
2022-03-06 12:00:00,0,Kaari
2022-03-06 12:00:00,0,Kelly
2022-03-06 12:00:00,0,Kevin
2022-03-06 12:00:00,0,Klara
2022-03-06 12:00:00,0,Maico
2022-03-06 12:00:00,0,Nick
2022-03-06 12:00:00,0,Stefan
2022-03-06 12:00:00,0,Tanya
2022-03-07 12:00:00,0,Inga
2022-03-07 12:00:00,0,Kaari
2022-03-07 12:00:00,0,Kelly
2022-03-07 12:00:00,0,Kevin
2022-03-07 12:00:00,0,Klara
2022-03-07 12:00:00,0,Maico
2022-03-07 12:00:00,0,Nick
2022-03-07 12:00:00,0,Stefan
2022-03-07 12:00:00,0,Tanya
2022-03-08 12:00:00,0,Inga
2022-03-08 12:00:00,0,Kaari
2022-03-08 12:00:00,0,Kelly
2022-03-08 12:00:00,0,Kevin
2022-03-08 12:00:00,0,Klara
2022-03-08 12:00:00,0,Maico
2022-03-08 12:00:00,0,Nick
2022-03-08 12:00:00,0,Stefan
2022-03-08 12:00:00,0,Tanya
2022-03-09 12:00:00,0,Inga
2022-03-09 12:00:00,0,Kaari
2022-03-09 12:00:00,0,Kelly
2022-03-09 12:00:00,0,Kevin
2022-03-09 12:00:00,0,Klara
2022-03-09 12:00:00,0,Maico
2022-03-09 12:00:00,0,Nick
2022-03-09 12:00:00,0,Stefan
2022-03-09 12:00:00,0,Tanya
2022-03-10 12:00:00,0,Inga
2022-03-10 12:00:00,0,Kaari
2022-03-10 12:00:00,0,Kelly
2022-03-10 12:00:00,0,Kevin
2022-03-10 12:00:00,0,Klara
2022-03-10 12:00:00,0,Maico
2022-03-10 12:00:00,0,Nick
2022-03-10 12:00:00,0,Stefan
2022-03-10 12:00:00,0,Tanya
2022-03-11 12:00:00,0,Inga
2022-03-11 12:00:00,0,Kaari
2022-03-11 12:00:00,0,Kelly
2022-03-11 12:00:00,0,Kevin
2022-03-11 12:00:00,0,Klara
2022-03-11 12:00:00,0,Maico
2022-03-11 12:00:00,0,Nick
2022-03-11 12:00:00,0,Stefan
2022-03-11 12:00:00,0,Tanya
2022-03-12 12:00:00,0,Inga
2022-03-12 12:00:00,0,Kaari
2022-03-12 12:00:00,0,Kelly
2022-03-12 12:00:00,0,Kevin
2022-03-12 12:00:00,0,Klara
2022-03-12 12:00:00,0,Maico
2022-03-12 12:00:00,0,Nick
2022-03-12 12:00:00,0,Stefan
2022-03-12 12:00:00,0,Tanya
2022-03-13 12:00:00,0,Inga
2022-03-13 12:00:00,0,Kaari
2022-03-13 12:00:00,0,Kelly
2022-03-13 12:00:00,0,Kevin
2022-03-13 12:00:00,0,Klara
2022-03-13 12:00:00,0,Maico
2022-03-13 12:00:00,0,Nick
2022-03-13 12:00:00,0,Stefan
2022-03-13 12:00:00,0,Tanya
2022-03-14 12:00:00,0,Inga
2022-03-14 12:00:00,0,Kaari
2022-03-14 12:00:00,0,Kelly
2022-03-14 12:00:00,0,Kevin
2022-03-14 12:00:00,0,Klara
2022-03-14 12:00:00,0,Maico
2022-03-14 12:00:00,0,Nick
2022-03-14 12:00:00,0,Tanya
2022-03-14 12:00:00,51,Stefan
2022-03-15 12:00:00,0,Inga
2022-03-15 12:00:00,0,Kaari
2022-03-15 12:00:00,0,Kelly
2022-03-15 12:00:00,0,Kevin
2022-03-15 12:00:00,0,Klara
2022-03-15 12:00:00,0,Maico
2022-03-15 12:00:00,0,Nick
2022-03-15 12:00:00,0,Tanya
2022-03-15 12:00:00,35,Stefan
2022-03-16 12:00:00,0,Inga
2022-03-16 12:00:00,0,Kaari
2022-03-16 12:00:00,0,Kelly
2022-03-16 12:00:00,0,Kevin
2022-03-16 12:00:00,0,Klara
2022-03-16 12:00:00,0,Maico
2022-03-16 12:00:00,0,Nick
2022-03-16 12:00:00,0,Stefan
2022-03-16 12:00:00,0,Tanya
2022-03-17 12:00:00,0,Inga
2022-03-17 12:00:00,0,Kaari
2022-03-17 12:00:00,0,Kelly
2022-03-17 12:00:00,0,Kevin
2022-03-17 12:00:00,0,Klara
2022-03-17 12:00:00,0,Maico
2022-03-17 12:00:00,0,Nick
2022-03-17 12:00:00,0,Tanya
2022-03-17 12:00:00,35,Stefan
2022-03-18 12:00:00,0,Inga
2022-03-18 12:00:00,0,Kaari
2022-03-18 12:00:00,0,Kelly
2022-03-18 12:00:00,0,Kevin
2022-03-18 12:00:00,0,Klara
2022-03-18 12:00:00,0,Maico
2022-03-18 12:00:00,0,Nick
2022-03-18 12:00:00,0,Tanya
2022-03-18 12:00:00,35,Stefan
2022-03-19 12:00:00,0,Inga
2022-03-19 12:00:00,0,Kaari
2022-03-19 12:00:00,0,Kelly
2022-03-19 12:00:00,0,Kevin
2022-03-19 12:00:00,0,Klara
2022-03-19 12:00:00,0,Maico
2022-03-19 12:00:00,0,Nick
2022-03-19 12:00:00,0,Stefan
2022-03-19 12:00:00,0,Tanya
2022-03-20 12:00:00,0,Inga
2022-03-20 12:00:00,0,Kaari
2022-03-20 12:00:00,0,Kelly
2022-03-20 12:00:00,0,Kevin
2022-03-20 12:00:00,0,Klara
2022-03-20 12:00:00,0,Maico
2022-03-20 12:00:00,0,Nick
2022-03-20 12:00:00,0,Tanya
2022-03-20 12:00:00,40,Stefan
2022-03-21 12:00:00,0,Inga
2022-03-21 12:00:00,0,Kaari
2022-03-21 12:00:00,0,Kelly
2022-03-21 12:00:00,0,Kevin
2022-03-21 12:00:00,0,Klara
2022-03-21 12:00:00,0,Maico
2022-03-21 12:00:00,0,Nick
2022-03-21 12:00:00,0,Stefan
2022-03-21 12:00:00,0,Tanya
2022-03-22 12:00:00,0,Inga
2022-03-22 12:00:00,0,Kaari
2022-03-22 12:00:00,0,Kelly
2022-03-22 12:00:00,0,Kevin
2022-03-22 12:00:00,0,Klara
2022-03-22 12:00:00,0,Maico
2022-03-22 12:00:00,0,Nick
2022-03-22 12:00:00,0,Stefan
2022-03-22 12:00:00,0,Tanya
2022-03-23 12:00:00,0,Inga
2022-03-23 12:00:00,0,Kaari
2022-03-23 12:00:00,0,Kelly
2022-03-23 12:00:00,0,Kevin
2022-03-23 12:00:00,0,Klara
2022-03-23 12:00:00,0,Maico
2022-03-23 12:00:00,0,Nick
2022-03-23 12:00:00,0,Tanya
2022-03-23 12:00:00,30,Stefan
2022-03-24 12:00:00,0,Inga
2022-03-24 12:00:00,0,Kaari
2022-03-24 12:00:00,0,Kelly
2022-03-24 12:00:00,0,Kevin
2022-03-24 12:00:00,0,Klara
2022-03-24 12:00:00,0,Maico
2022-03-24 12:00:00,0,Nick
2022-03-24 12:00:00,0,Stefan
2022-03-24 12:00:00,0,Tanya
2022-03-25 12:00:00,0,Inga
2022-03-25 12:00:00,0,Kaari
2022-03-25 12:00:00,0,Kelly
2022-03-25 12:00:00,0,Kevin
2022-03-25 12:00:00,0,Klara
2022-03-25 12:00:00,0,Maico
2022-03-25 12:00:00,0,Nick
2022-03-25 12:00:00,0,Tanya
2022-03-25 12:00:00,50,Stefan
2022-03-26 12:00:00,0,Inga
2022-03-26 12:00:00,0,Kaari
2022-03-26 12:00:00,0,Kelly
2022-03-26 12:00:00,0,Kevin
2022-03-26 12:00:00,0,Klara
2022-03-26 12:00:00,0,Maico
2022-03-26 12:00:00,0,Nick
2022-03-26 12:00:00,0,Tanya
2022-03-26 12:00:00,70,Stefan
2022-03-27 12:00:00,0,Inga
2022-03-27 12:00:00,0,Kaari
2022-03-27 12:00:00,0,Kelly
2022-03-27 12:00:00,0,Kevin
2022-03-27 12:00:00,0,Klara
2022-03-27 12:00:00,0,Maico
2022-03-27 12:00:00,0,Tanya
2022-03-27 12:00:00,100,Nick
2022-03-27 12:00:00,105,Stefan
2022-03-28 12:00:00,0,Inga
2022-03-28 12:00:00,0,Kaari
2022-03-28 12:00:00,0,Kelly
2022-03-28 12:00:00,0,Kevin
2022-03-28 12:00:00,0,Klara
2022-03-28 12:00:00,0,Maico
2022-03-28 12:00:00,0,Tanya
2022-03-28 12:00:00,100,Nick
2022-03-28 12:00:00,100,Stefan
2022-03-29 12:00:00,0,Inga
2022-03-29 12:00:00,0,Kaari
2022-03-29 12:00:00,0,Kelly
2022-03-29 12:00:00,0,Kevin
2022-03-29 12:00:00,0,Klara
2022-03-29 12:00:00,0,Maico
2022-03-29 12:00:00,0,Tanya
2022-03-29 12:00:00,100,Nick
2022-03-29 12:00:00,70,Stefan
2022-03-30 12:00:00,0,Inga
2022-03-30 12:00:00,0,Kaari
2022-03-30 12:00:00,0,Kelly
2022-03-30 12:00:00,0,Kevin
2022-03-30 12:00:00,0,Klara
2022-03-30 12:00:00,0,Maico
2022-03-30 12:00:00,0,Tanya
2022-03-30 12:00:00,40,Stefan
2022-03-30 12:00:00,60,Nick
2022-03-31 12:00:00,0,Inga
2022-03-31 12:00:00,0,Kaari
2022-03-31 12:00:00,0,Kelly
2022-03-31 12:00:00,0,Kevin
2022-03-31 12:00:00,0,Klara
2022-03-31 12:00:00,0,Maico
2022-03-31 12:00:00,0,Tanya
2022-03-31 12:00:00,222,Stefan
2022-03-31 12:00:00,230,Nick
2022-04-01 12:00:00,0,Inga
2022-04-01 12:00:00,0,Kaari
2022-04-01 12:00:00,0,Kelly
2022-04-01 12:00:00,0,Kevin
2022-04-01 12:00:00,0,Klara
2022-04-01 12:00:00,0,Maico
2022-04-01 12:00:00,0,Tanya
2022-04-01 12:00:00,100,Nick
2022-04-01 12:00:00,40,Stefan
2022-04-02 12:00:00,0,Inga
2022-04-02 12:00:00,0,Kaari
2022-04-02 12:00:00,0,Kelly
2022-04-02 12:00:00,0,Kevin
2022-04-02 12:00:00,0,Klara
2022-04-02 12:00:00,0,Maico
2022-04-02 12:00:00,0,Tanya
2022-04-02 12:00:00,80,Nick
2022-04-02 12:00:00,82,Stefan
2022-04-03 12:00:00,0,Inga
2022-04-03 12:00:00,0,Kaari
2022-04-03 12:00:00,0,Kelly
2022-04-03 12:00:00,0,Kevin
2022-04-03 12:00:00,0,Klara
2022-04-03 12:00:00,0,Maico
2022-04-03 12:00:00,0,Tanya
2022-04-03 12:00:00,110,Stefan
2022-04-03 12:00:00,80,Nick
2022-04-04 12:00:00,0,Inga
2022-04-04 12:00:00,0,Kaari
2022-04-04 12:00:00,0,Kelly
2022-04-04 12:00:00,0,Kevin
2022-04-04 12:00:00,0,Klara
2022-04-04 12:00:00,0,Maico
2022-04-04 12:00:00,0,Tanya
2022-04-04 12:00:00,130,Stefan
2022-04-04 12:00:00,80,Nick
2022-04-05 12:00:00,0,Inga
2022-04-05 12:00:00,0,Kaari
2022-04-05 12:00:00,0,Kelly
2022-04-05 12:00:00,0,Kevin
2022-04-05 12:00:00,0,Klara
2022-04-05 12:00:00,0,Maico
2022-04-05 12:00:00,0,Tanya
2022-04-05 12:00:00,80,Nick
2022-04-05 12:00:00,80,Stefan
2022-04-06 12:00:00,0,Inga
2022-04-06 12:00:00,0,Kaari
2022-04-06 12:00:00,0,Kelly
2022-04-06 12:00:00,0,Kevin
2022-04-06 12:00:00,0,Klara
2022-04-06 12:00:00,0,Maico
2022-04-06 12:00:00,0,Tanya
2022-04-06 12:00:00,50,Stefan
2022-04-06 12:00:00,80,Nick
2022-04-07 12:00:00,0,Inga
2022-04-07 12:00:00,0,Kaari
2022-04-07 12:00:00,0,Kelly
2022-04-07 12:00:00,0,Kevin
2022-04-07 12:00:00,0,Maico
2022-04-07 12:00:00,0,Tanya
2022-04-07 12:00:00,20,Klara
2022-04-07 12:00:00,80,Nick
2022-04-07 12:00:00,85,Stefan
2022-04-08 12:00:00,0,Inga
2022-04-08 12:00:00,0,Kaari
2022-04-08 12:00:00,0,Kelly
2022-04-08 12:00:00,0,Kevin
2022-04-08 12:00:00,0,Maico
2022-04-08 12:00:00,0,Tanya
2022-04-08 12:00:00,140,Stefan
2022-04-08 12:00:00,20,Klara
2022-04-08 12:00:00,200,Nick
2022-04-09 12:00:00,0,Inga
2022-04-09 12:00:00,0,Kaari
2022-04-09 12:00:00,0,Kelly
2022-04-09 12:00:00,0,Kevin
2022-04-09 12:00:00,0,Klara
2022-04-09 12:00:00,0,Maico
2022-04-09 12:00:00,0,Tanya
2022-04-09 12:00:00,210,Nick
2022-04-09 12:00:00,210,Stefan
2022-04-10 12:00:00,0,Inga
2022-04-10 12:00:00,0,Kaari
2022-04-10 12:00:00,0,Kelly
2022-04-10 12:00:00,0,Kevin
2022-04-10 12:00:00,0,Maico
2022-04-10 12:00:00,0,Tanya
2022-04-10 12:00:00,120,Stefan
2022-04-10 12:00:00,15,Klara
2022-04-10 12:00:00,60,Nick
2022-04-11 12:00:00,0,Inga
2022-04-11 12:00:00,0,Kaari
2022-04-11 12:00:00,0,Kelly
2022-04-11 12:00:00,0,Kevin
2022-04-11 12:00:00,0,Maico
2022-04-11 12:00:00,0,Tanya
2022-04-11 12:00:00,20,Klara
2022-04-11 12:00:00,50,Stefan
2022-04-11 12:00:00,80,Nick
2022-04-12 12:00:00,0,Inga
2022-04-12 12:00:00,0,Kaari
2022-04-12 12:00:00,0,Kelly
2022-04-12 12:00:00,0,Kevin
2022-04-12 12:00:00,0,Maico
2022-04-12 12:00:00,0,Tanya
2022-04-12 12:00:00,20,Klara
2022-04-12 12:00:00,220,Stefan
2022-04-12 12:00:00,250,Nick
2022-04-13 12:00:00,0,Inga
2022-04-13 12:00:00,0,Kaari
2022-04-13 12:00:00,0,Kelly
2022-04-13 12:00:00,0,Kevin
2022-04-13 12:00:00,0,Maico
2022-04-13 12:00:00,0,Tanya
2022-04-13 12:00:00,120,Nick
2022-04-13 12:00:00,20,Klara
2022-04-13 12:00:00,40,Stefan
2022-04-14 12:00:00,0,Inga
2022-04-14 12:00:00,0,Kaari
2022-04-14 12:00:00,0,Kelly
2022-04-14 12:00:00,0,Kevin
2022-04-14 12:00:00,0,Maico
2022-04-14 12:00:00,0,Tanya
2022-04-14 12:00:00,10,Klara
2022-04-14 12:00:00,100,Nick
2022-04-14 12:00:00,30,Stefan
2022-04-15 12:00:00,0,Inga
2022-04-15 12:00:00,0,Kaari
2022-04-15 12:00:00,0,Kelly
2022-04-15 12:00:00,0,Kevin
2022-04-15 12:00:00,0,Klara
2022-04-15 12:00:00,0,Maico
2022-04-15 12:00:00,0,Tanya
2022-04-15 12:00:00,130,Nick
2022-04-15 12:00:00,160,Stefan
2022-04-16 12:00:00,0,Inga
2022-04-16 12:00:00,0,Kaari
2022-04-16 12:00:00,0,Kelly
2022-04-16 12:00:00,0,Kevin
2022-04-16 12:00:00,0,Klara
2022-04-16 12:00:00,0,Maico
2022-04-16 12:00:00,0,Tanya
2022-04-16 12:00:00,290,Nick
2022-04-16 12:00:00,355,Stefan
2022-04-17 12:00:00,0,Inga
2022-04-17 12:00:00,0,Kaari
2022-04-17 12:00:00,0,Kelly
2022-04-17 12:00:00,0,Kevin
2022-04-17 12:00:00,0,Klara
2022-04-17 12:00:00,0,Maico
2022-04-17 12:00:00,0,Tanya
2022-04-17 12:00:00,120,Nick
2022-04-17 12:00:00,120,Stefan
2022-04-18 12:00:00,0,Inga
2022-04-18 12:00:00,0,Kaari
2022-04-18 12:00:00,0,Kelly
2022-04-18 12:00:00,0,Kevin
2022-04-18 12:00:00,0,Tanya
2022-04-18 12:00:00,100,Nick
2022-04-18 12:00:00,12,Klara
2022-04-18 12:00:00,60,Maico
2022-04-18 12:00:00,60,Stefan
2022-04-19 12:00:00,0,Inga
2022-04-19 12:00:00,0,Kaari
2022-04-19 12:00:00,0,Kelly
2022-04-19 12:00:00,0,Kevin
2022-04-19 12:00:00,0,Tanya
2022-04-19 12:00:00,100,Nick
2022-04-19 12:00:00,100,Stefan
2022-04-19 12:00:00,135,Maico
2022-04-19 12:00:00,20,Klara
2022-04-20 12:00:00,0,Inga
2022-04-20 12:00:00,0,Kaari
2022-04-20 12:00:00,0,Kelly
2022-04-20 12:00:00,0,Kevin
2022-04-20 12:00:00,0,Tanya
2022-04-20 12:00:00,100,Nick
2022-04-20 12:00:00,100,Stefan
2022-04-20 12:00:00,185,Maico
2022-04-20 12:00:00,20,Klara
2022-04-21 12:00:00,0,Inga
2022-04-21 12:00:00,0,Kaari
2022-04-21 12:00:00,0,Kelly
2022-04-21 12:00:00,0,Kevin
2022-04-21 12:00:00,0,Tanya
2022-04-21 12:00:00,140,Maico
2022-04-21 12:00:00,150,Nick
2022-04-21 12:00:00,30,Klara
2022-04-21 12:00:00,80,Stefan
2022-04-22 12:00:00,0,Inga
2022-04-22 12:00:00,0,Kaari
2022-04-22 12:00:00,0,Kelly
2022-04-22 12:00:00,0,Kevin
2022-04-22 12:00:00,0,Tanya
2022-04-22 12:00:00,120,Stefan
2022-04-22 12:00:00,130,Maico
2022-04-22 12:00:00,20,Klara
2022-04-22 12:00:00,90,Nick
2022-04-23 12:00:00,0,Inga
2022-04-23 12:00:00,0,Kaari
2022-04-23 12:00:00,0,Kelly
2022-04-23 12:00:00,0,Kevin
2022-04-23 12:00:00,0,Tanya
2022-04-23 12:00:00,10,Klara
2022-04-23 12:00:00,200,Maico
2022-04-23 12:00:00,300,Stefan
2022-04-23 12:00:00,330,Nick
2022-04-24 12:00:00,0,Inga
2022-04-24 12:00:00,0,Kaari
2022-04-24 12:00:00,0,Kelly
2022-04-24 12:00:00,0,Tanya
2022-04-24 12:00:00,100,Kevin
2022-04-24 12:00:00,150,Maico
2022-04-24 12:00:00,200,Stefan
2022-04-24 12:00:00,36,Klara
2022-04-24 12:00:00,60,Nick
2022-04-25 12:00:00,0,Inga
2022-04-25 12:00:00,0,Kaari
2022-04-25 12:00:00,0,Kelly
2022-04-25 12:00:00,0,Tanya
2022-04-25 12:00:00,10,Klara
2022-04-25 12:00:00,150,Maico
2022-04-25 12:00:00,190,Stefan
2022-04-25 12:00:00,200,Kevin
2022-04-25 12:00:00,210,Nick
2022-04-26 12:00:00,0,Inga
2022-04-26 12:00:00,0,Kaari
2022-04-26 12:00:00,0,Kelly
2022-04-26 12:00:00,0,Tanya
2022-04-26 12:00:00,155,Stefan
2022-04-26 12:00:00,24,Klara
2022-04-26 12:00:00,50,Kevin
2022-04-26 12:00:00,60,Nick
2022-04-26 12:00:00,70,Maico
2022-04-27 12:00:00,0,Inga
2022-04-27 12:00:00,0,Kaari
2022-04-27 12:00:00,0,Kelly
2022-04-27 12:00:00,0,Tanya
2022-04-27 12:00:00,130,Nick
2022-04-27 12:00:00,130,Stefan
2022-04-27 12:00:00,145,Maico
2022-04-27 12:00:00,30,Klara
2022-04-27 12:00:00,500,Kevin
2022-04-28 12:00:00,0,Inga
2022-04-28 12:00:00,0,Kaari
2022-04-28 12:00:00,0,Kelly
2022-04-28 12:00:00,0,Tanya
2022-04-28 12:00:00,10,Kevin
2022-04-28 12:00:00,120,Maico
2022-04-28 12:00:00,150,Stefan
2022-04-28 12:00:00,44,Klara
2022-04-28 12:00:00,60,Nick
2022-04-29 12:00:00,0,Inga
2022-04-29 12:00:00,0,Kelly
2022-04-29 12:00:00,0,Tanya
2022-04-29 12:00:00,10,Klara
2022-04-29 12:00:00,180,Nick
2022-04-29 12:00:00,2,Kaari
2022-04-29 12:00:00,230,Stefan
2022-04-29 12:00:00,250,Kevin
2022-04-29 12:00:00,90,Maico
2022-04-30 12:00:00,0,Inga
2022-04-30 12:00:00,0,Kelly
2022-04-30 12:00:00,0,Klara
2022-04-30 12:00:00,0,Tanya
2022-04-30 12:00:00,150,Kevin
2022-04-30 12:00:00,190,Maico
2022-04-30 12:00:00,200,Nick
2022-04-30 12:00:00,340,Stefan
2022-04-30 12:00:00,5,Kaari
2022-05-01 12:00:00,0,Inga
2022-05-01 12:00:00,0,Kaari
2022-05-01 12:00:00,0,Kelly
2022-05-01 12:00:00,0,Tanya
2022-05-01 12:00:00,120,Nick
2022-05-01 12:00:00,180,Maico
2022-05-01 12:00:00,210,Stefan
2022-05-01 12:00:00,25,Klara
2022-05-01 12:00:00,300,Kevin
2022-05-02 12:00:00,0,Inga
2022-05-02 12:00:00,0,Kelly
2022-05-02 12:00:00,0,Tanya
2022-05-02 12:00:00,10,Kaari
2022-05-02 12:00:00,12,Klara
2022-05-02 12:00:00,150,Kevin
2022-05-02 12:00:00,210,Maico
2022-05-02 12:00:00,220,Nick
2022-05-02 12:00:00,70,Stefan
2022-05-03 12:00:00,0,Inga
2022-05-03 12:00:00,0,Kelly
2022-05-03 12:00:00,0,Tanya
2022-05-03 12:00:00,130,Maico
2022-05-03 12:00:00,150,Nick
2022-05-03 12:00:00,24,Klara
2022-05-03 12:00:00,25,Kaari
2022-05-03 12:00:00,280,Stefan
2022-05-03 12:00:00,450,Kevin
2022-05-04 12:00:00,0,Inga
2022-05-04 12:00:00,0,Kelly
2022-05-04 12:00:00,0,Tanya
2022-05-04 12:00:00,29,Kaari
2022-05-04 12:00:00,300,Maico
2022-05-04 12:00:00,300,Stefan
2022-05-04 12:00:00,310,Kevin
2022-05-04 12:00:00,44,Klara
2022-05-04 12:00:00,540,Nick
2022-05-05 12:00:00,0,Inga
2022-05-05 12:00:00,0,Tanya
2022-05-05 12:00:00,10,Kaari
2022-05-05 12:00:00,100,Kelly
2022-05-05 12:00:00,120,Nick
2022-05-05 12:00:00,150,Maico
2022-05-05 12:00:00,170,Stefan
2022-05-05 12:00:00,400,Kevin
2022-05-05 12:00:00,44,Klara
2022-05-06 12:00:00,0,Inga
2022-05-06 12:00:00,0,Tanya
2022-05-06 12:00:00,100,Kelly
2022-05-06 12:00:00,12,Kaari
2022-05-06 12:00:00,120,Nick
2022-05-06 12:00:00,130,Stefan
2022-05-06 12:00:00,14,Klara
2022-05-06 12:00:00,150,Maico
2022-05-06 12:00:00,250,Kevin
2022-05-07 12:00:00,0,Inga
2022-05-07 12:00:00,0,Kaari
2022-05-07 12:00:00,0,Kevin
2022-05-07 12:00:00,0,Klara
2022-05-07 12:00:00,0,Tanya
2022-05-07 12:00:00,100,Kelly
2022-05-07 12:00:00,110,Maico
2022-05-07 12:00:00,120,Nick
2022-05-07 12:00:00,120,Stefan
2022-05-08 12:00:00,0,Inga
2022-05-08 12:00:00,0,Tanya
2022-05-08 12:00:00,120,Nick
2022-05-08 12:00:00,14,Klara
2022-05-08 12:00:00,20,Kelly
2022-05-08 12:00:00,250,Kevin
2022-05-08 12:00:00,340,Maico
2022-05-08 12:00:00,360,Stefan
2022-05-08 12:00:00,5,Kaari
2022-05-09 12:00:00,0,Inga
2022-05-09 12:00:00,0,Tanya
2022-05-09 12:00:00,120,Nick
2022-05-09 12:00:00,190,Maico
2022-05-09 12:00:00,240,Stefan
2022-05-09 12:00:00,350,Kevin
2022-05-09 12:00:00,5,Kaari
2022-05-09 12:00:00,50,Kelly
2022-05-09 12:00:00,8,Klara
2022-05-10 12:00:00,0,Inga
2022-05-10 12:00:00,0,Klara
2022-05-10 12:00:00,0,Tanya
2022-05-10 12:00:00,10,Kaari
2022-05-10 12:00:00,120,Nick
2022-05-10 12:00:00,200,Kevin
2022-05-10 12:00:00,30,Stefan
2022-05-10 12:00:00,40,Kelly
2022-05-10 12:00:00,50,Maico
2022-05-11 12:00:00,0,Inga
2022-05-11 12:00:00,0,Klara
2022-05-11 12:00:00,0,Tanya
2022-05-11 12:00:00,140,Stefan
2022-05-11 12:00:00,150,Nick
2022-05-11 12:00:00,20,Kaari
2022-05-11 12:00:00,200,Kevin
2022-05-11 12:00:00,30,Maico
2022-05-11 12:00:00,60,Kelly
2022-05-12 12:00:00,0,Inga
2022-05-12 12:00:00,0,Kaari
2022-05-12 12:00:00,0,Klara
2022-05-12 12:00:00,0,Tanya
2022-05-12 12:00:00,100,Kevin
2022-05-12 12:00:00,120,Nick
2022-05-12 12:00:00,130,Maico
2022-05-12 12:00:00,150,Stefan
2022-05-12 12:00:00,50,Kelly
2022-05-13 12:00:00,0,Inga
2022-05-13 12:00:00,0,Klara
2022-05-13 12:00:00,0,Tanya
2022-05-13 12:00:00,100,Kevin
2022-05-13 12:00:00,120,Nick
2022-05-13 12:00:00,150,Stefan
2022-05-13 12:00:00,30,Kaari
2022-05-13 12:00:00,30,Kelly
2022-05-13 12:00:00,90,Maico
2022-05-14 12:00:00,0,Inga
2022-05-14 12:00:00,0,Kevin
2022-05-14 12:00:00,0,Klara
2022-05-14 12:00:00,0,Nick
2022-05-14 12:00:00,0,Tanya
2022-05-14 12:00:00,120,Maico
2022-05-14 12:00:00,140,Stefan
2022-05-14 12:00:00,30,Kaari
2022-05-14 12:00:00,30,Kelly
2022-05-15 12:00:00,0,Inga
2022-05-15 12:00:00,0,Kaari
2022-05-15 12:00:00,0,Kelly
2022-05-15 12:00:00,0,Klara
2022-05-15 12:00:00,0,Nick
2022-05-15 12:00:00,0,Tanya
2022-05-15 12:00:00,150,Maico
2022-05-15 12:00:00,200,Kevin
2022-05-15 12:00:00,30,Stefan
2022-05-16 12:00:00,0,Inga
2022-05-16 12:00:00,0,Kaari
2022-05-16 12:00:00,0,Kelly
2022-05-16 12:00:00,0,Tanya
2022-05-16 12:00:00,12,Klara
2022-05-16 12:00:00,120,Nick
2022-05-16 12:00:00,130,Maico
2022-05-16 12:00:00,200,Kevin
2022-05-16 12:00:00,300,Stefan
2022-05-17 12:00:00,0,Inga
2022-05-17 12:00:00,0,Kaari
2022-05-17 12:00:00,0,Kelly
2022-05-17 12:00:00,0,Tanya
2022-05-17 12:00:00,100,Kevin
2022-05-17 12:00:00,120,Nick
2022-05-17 12:00:00,14,Klara
2022-05-17 12:00:00,200,Maico
2022-05-17 12:00:00,70,Stefan
2022-05-18 12:00:00,0,Inga
2022-05-18 12:00:00,0,Kaari
2022-05-18 12:00:00,0,Kevin
2022-05-18 12:00:00,0,Tanya
2022-05-18 12:00:00,110,Maico
2022-05-18 12:00:00,120,Nick
2022-05-18 12:00:00,165,Stefan
2022-05-18 12:00:00,24,Klara
2022-05-18 12:00:00,50,Kelly
2022-05-19 12:00:00,0,Inga
2022-05-19 12:00:00,0,Kaari
2022-05-19 12:00:00,0,Klara
2022-05-19 12:00:00,0,Tanya
2022-05-19 12:00:00,120,Stefan
2022-05-19 12:00:00,30,Kelly
2022-05-19 12:00:00,350,Kevin
2022-05-19 12:00:00,60,Maico
2022-05-19 12:00:00,90,Nick
2022-05-20 12:00:00,0,Inga
2022-05-20 12:00:00,0,Kaari
2022-05-20 12:00:00,0,Kelly
2022-05-20 12:00:00,0,Kevin
2022-05-20 12:00:00,0,Tanya
2022-05-20 12:00:00,120,Nick
2022-05-20 12:00:00,24,Klara
2022-05-20 12:00:00,70,Maico
2022-05-20 12:00:00,80,Stefan
2022-05-21 12:00:00,0,Inga
2022-05-21 12:00:00,0,Kaari
2022-05-21 12:00:00,0,Kevin
2022-05-21 12:00:00,0,Klara
2022-05-21 12:00:00,0,Tanya
2022-05-21 12:00:00,110,Maico
2022-05-21 12:00:00,110,Stefan
2022-05-21 12:00:00,30,Nick
2022-05-21 12:00:00,40,Kelly
2022-05-22 12:00:00,0,Inga
2022-05-22 12:00:00,0,Kaari
2022-05-22 12:00:00,0,Kelly
2022-05-22 12:00:00,0,Kevin
2022-05-22 12:00:00,0,Klara
2022-05-22 12:00:00,0,Stefan
2022-05-22 12:00:00,0,Tanya
2022-05-22 12:00:00,160,Maico
2022-05-22 12:00:00,60,Nick
2022-05-23 12:00:00,0,Inga
2022-05-23 12:00:00,0,Kaari
2022-05-23 12:00:00,0,Kelly
2022-05-23 12:00:00,0,Kevin
2022-05-23 12:00:00,0,Klara
2022-05-23 12:00:00,120,Nick
2022-05-23 12:00:00,15,Tanya
2022-05-23 12:00:00,30,Maico
2022-05-23 12:00:00,60,Stefan
2022-05-24 12:00:00,0,Inga
2022-05-24 12:00:00,0,Kaari
2022-05-24 12:00:00,0,Klara
2022-05-24 12:00:00,0,Tanya
2022-05-24 12:00:00,110,Maico
2022-05-24 12:00:00,160,Stefan
2022-05-24 12:00:00,200,Kevin
2022-05-24 12:00:00,210,Nick
2022-05-24 12:00:00,40,Kelly
2022-05-25 12:00:00,0,Inga
2022-05-25 12:00:00,0,Kaari
2022-05-25 12:00:00,0,Klara
2022-05-25 12:00:00,100,Maico
2022-05-25 12:00:00,12,Tanya
2022-05-25 12:00:00,120,Stefan
2022-05-25 12:00:00,200,Kevin
2022-05-25 12:00:00,30,Kelly
2022-05-25 12:00:00,90,Nick
2022-05-26 12:00:00,0,Inga
2022-05-26 12:00:00,0,Kaari
2022-05-26 12:00:00,0,Kelly
2022-05-26 12:00:00,0,Klara
2022-05-26 12:00:00,0,Tanya
2022-05-26 12:00:00,120,Nick
2022-05-26 12:00:00,150,Maico
2022-05-26 12:00:00,151,Kevin
2022-05-26 12:00:00,200,Stefan
2022-05-27 12:00:00,0,Kaari
2022-05-27 12:00:00,0,Kelly
2022-05-27 12:00:00,0,Klara
2022-05-27 12:00:00,100,Maico
2022-05-27 12:00:00,11,Inga
2022-05-27 12:00:00,120,Nick
2022-05-27 12:00:00,30,Tanya
2022-05-27 12:00:00,61,Kevin
2022-05-27 12:00:00,90,Stefan
2022-05-28 12:00:00,0,Inga
2022-05-28 12:00:00,0,Kelly
2022-05-28 12:00:00,0,Klara
2022-05-28 12:00:00,0,Nick
2022-05-28 12:00:00,0,Tanya
2022-05-28 12:00:00,10,Kaari
2022-05-28 12:00:00,250,Kevin
2022-05-28 12:00:00,30,Maico
2022-05-28 12:00:00,40,Stefan
2022-05-29 12:00:00,0,Inga
2022-05-29 12:00:00,0,Kaari
2022-05-29 12:00:00,0,Kevin
2022-05-29 12:00:00,0,Klara
2022-05-29 12:00:00,0,Tanya
2022-05-29 12:00:00,120,Nick
2022-05-29 12:00:00,160,Stefan
2022-05-29 12:00:00,30,Maico
2022-05-29 12:00:00,40,Kelly
2022-05-30 12:00:00,0,Inga
2022-05-30 12:00:00,0,Kaari
2022-05-30 12:00:00,0,Klara
2022-05-30 12:00:00,0,Nick
2022-05-30 12:00:00,110,Stefan
2022-05-30 12:00:00,20,Tanya
2022-05-30 12:00:00,250,Kevin
2022-05-30 12:00:00,60,Kelly
2022-05-30 12:00:00,80,Maico
2022-05-31 12:00:00,0,Inga
2022-05-31 12:00:00,0,Kaari
2022-05-31 12:00:00,0,Kelly
2022-05-31 12:00:00,0,Klara
2022-05-31 12:00:00,0,Nick
2022-05-31 12:00:00,0,Tanya
2022-05-31 12:00:00,160,Maico
2022-05-31 12:00:00,300,Kevin
2022-05-31 12:00:00,80,Stefan
2022-06-01 12:00:00,0,Inga
2022-06-01 12:00:00,0,Kaari
2022-06-01 12:00:00,0,Kevin
2022-06-01 12:00:00,0,Klara
2022-06-01 12:00:00,120,Nick
2022-06-01 12:00:00,200,Stefan
2022-06-01 12:00:00,21,Tanya
2022-06-01 12:00:00,30,Kelly
2022-06-01 12:00:00,70,Maico
2022-06-02 12:00:00,0,Inga
2022-06-02 12:00:00,0,Kelly
2022-06-02 12:00:00,0,Klara
2022-06-02 12:00:00,0,Tanya
2022-06-02 12:00:00,10,Kaari
2022-06-02 12:00:00,150,Maico
2022-06-02 12:00:00,30,Nick
2022-06-02 12:00:00,350,Kevin
2022-06-02 12:00:00,430,Stefan
2022-06-03 12:00:00,0,Inga
2022-06-03 12:00:00,0,Kaari
2022-06-03 12:00:00,0,Kelly
2022-06-03 12:00:00,0,Klara
2022-06-03 12:00:00,0,Nick
2022-06-03 12:00:00,0,Tanya
2022-06-03 12:00:00,30,Stefan
2022-06-03 12:00:00,400,Kevin
2022-06-03 12:00:00,50,Maico
2022-06-04 12:00:00,0,Inga
2022-06-04 12:00:00,0,Kaari
2022-06-04 12:00:00,0,Klara
2022-06-04 12:00:00,0,Nick
2022-06-04 12:00:00,0,Tanya
2022-06-04 12:00:00,100,Kevin
2022-06-04 12:00:00,120,Kelly
2022-06-04 12:00:00,30,Maico
2022-06-04 12:00:00,40,Stefan
2022-06-05 12:00:00,0,Inga
2022-06-05 12:00:00,0,Kaari
2022-06-05 12:00:00,0,Kevin
2022-06-05 12:00:00,0,Klara
2022-06-05 12:00:00,0,Tanya
2022-06-05 12:00:00,1,Nick
2022-06-05 12:00:00,100,Maico
2022-06-05 12:00:00,170,Stefan
2022-06-05 12:00:00,80,Kelly
2022-06-06 12:00:00,0,Inga
2022-06-06 12:00:00,0,Kaari
2022-06-06 12:00:00,0,Kelly
2022-06-06 12:00:00,0,Kevin
2022-06-06 12:00:00,0,Nick
2022-06-06 12:00:00,0,Tanya
2022-06-06 12:00:00,22,Klara
2022-06-06 12:00:00,240,Stefan
2022-06-06 12:00:00,60,Maico
2022-06-07 12:00:00,0,Inga
2022-06-07 12:00:00,0,Kaari
2022-06-07 12:00:00,0,Kelly
2022-06-07 12:00:00,0,Tanya
2022-06-07 12:00:00,14,Klara
2022-06-07 12:00:00,30,Maico
2022-06-07 12:00:00,30,Nick
2022-06-07 12:00:00,400,Kevin
2022-06-07 12:00:00,50,Stefan
2022-06-08 12:00:00,0,Inga
2022-06-08 12:00:00,0,Kaari
2022-06-08 12:00:00,0,Tanya
2022-06-08 12:00:00,100,Stefan
2022-06-08 12:00:00,120,Maico
2022-06-08 12:00:00,200,Kevin
2022-06-08 12:00:00,24,Klara
2022-06-08 12:00:00,60,Nick
2022-06-08 12:00:00,80,Kelly
2022-06-09 12:00:00,0,Inga
2022-06-09 12:00:00,0,Kaari
2022-06-09 12:00:00,0,Kevin
2022-06-09 12:00:00,0,Nick
2022-06-09 12:00:00,0,Tanya
2022-06-09 12:00:00,150,Stefan
2022-06-09 12:00:00,27,Klara
2022-06-09 12:00:00,40,Maico
2022-06-09 12:00:00,60,Kelly
2022-06-10 12:00:00,0,Inga
2022-06-10 12:00:00,0,Kaari
2022-06-10 12:00:00,0,Kevin
2022-06-10 12:00:00,0,Klara
2022-06-10 12:00:00,0,Nick
2022-06-10 12:00:00,0,Tanya
2022-06-10 12:00:00,110,Maico
2022-06-10 12:00:00,190,Stefan
2022-06-10 12:00:00,35,Kelly
2022-06-11 12:00:00,0,Inga
2022-06-11 12:00:00,0,Kaari
2022-06-11 12:00:00,0,Kelly
2022-06-11 12:00:00,0,Kevin
2022-06-11 12:00:00,0,Klara
2022-06-11 12:00:00,0,Nick
2022-06-11 12:00:00,0,Tanya
2022-06-11 12:00:00,100,Maico
2022-06-11 12:00:00,250,Stefan
2022-06-12 12:00:00,0,Inga
2022-06-12 12:00:00,0,Kaari
2022-06-12 12:00:00,0,Kelly
2022-06-12 12:00:00,0,Klara
2022-06-12 12:00:00,0,Tanya
2022-06-12 12:00:00,190,Stefan
2022-06-12 12:00:00,200,Kevin
2022-06-12 12:00:00,60,Maico
2022-06-12 12:00:00,60,Nick
2022-06-13 12:00:00,0,Inga
2022-06-13 12:00:00,0,Kaari
2022-06-13 12:00:00,0,Kelly
2022-06-13 12:00:00,0,Kevin
2022-06-13 12:00:00,0,Klara
2022-06-13 12:00:00,0,Maico
2022-06-13 12:00:00,0,Nick
2022-06-13 12:00:00,0,Tanya
2022-06-13 12:00:00,30,Stefan
2022-06-14 12:00:00,0,Inga
2022-06-14 12:00:00,0,Kaari
2022-06-14 12:00:00,0,Kelly
2022-06-14 12:00:00,0,Klara
2022-06-14 12:00:00,0,Maico
2022-06-14 12:00:00,0,Nick
2022-06-14 12:00:00,0,Tanya
2022-06-14 12:00:00,330,Stefan
2022-06-14 12:00:00,50,Kevin
2022-06-15 12:00:00,0,Inga
2022-06-15 12:00:00,0,Kaari
2022-06-15 12:00:00,0,Kelly
2022-06-15 12:00:00,0,Klara
2022-06-15 12:00:00,0,Tanya
2022-06-15 12:00:00,100,Kevin
2022-06-15 12:00:00,20,Maico
2022-06-15 12:00:00,200,Stefan
2022-06-15 12:00:00,30,Nick
2022-06-16 12:00:00,0,Inga
2022-06-16 12:00:00,0,Kaari
2022-06-16 12:00:00,0,Kelly
2022-06-16 12:00:00,0,Kevin
2022-06-16 12:00:00,0,Klara
2022-06-16 12:00:00,0,Nick
2022-06-16 12:00:00,0,Tanya
2022-06-16 12:00:00,190,Stefan
2022-06-16 12:00:00,25,Maico
2022-06-17 12:00:00,0,Inga
2022-06-17 12:00:00,0,Kaari
2022-06-17 12:00:00,0,Kelly
2022-06-17 12:00:00,0,Klara
2022-06-17 12:00:00,0,Nick
2022-06-17 12:00:00,0,Tanya
2022-06-17 12:00:00,100,Kevin
2022-06-17 12:00:00,140,Stefan
2022-06-17 12:00:00,30,Maico
2022-06-18 12:00:00,0,Inga
2022-06-18 12:00:00,0,Kaari
2022-06-18 12:00:00,0,Kelly
2022-06-18 12:00:00,0,Kevin
2022-06-18 12:00:00,0,Klara
2022-06-18 12:00:00,0,Maico
2022-06-18 12:00:00,0,Nick
2022-06-18 12:00:00,0,Tanya
2022-06-18 12:00:00,10,Stefan
2022-06-19 12:00:00,0,Inga
2022-06-19 12:00:00,0,Kaari
2022-06-19 12:00:00,0,Kelly
2022-06-19 12:00:00,0,Kevin
2022-06-19 12:00:00,0,Klara
2022-06-19 12:00:00,0,Nick
2022-06-19 12:00:00,0,Tanya
2022-06-19 12:00:00,30,Maico
2022-06-19 12:00:00,50,Stefan
2022-06-20 12:00:00,0,Inga
2022-06-20 12:00:00,0,Kaari
2022-06-20 12:00:00,0,Kelly
2022-06-20 12:00:00,0,Kevin
2022-06-20 12:00:00,0,Klara
2022-06-20 12:00:00,0,Tanya
2022-06-20 12:00:00,200,Stefan
2022-06-20 12:00:00,45,Maico
2022-06-20 12:00:00,60,Nick
2022-06-21 12:00:00,0,Inga
2022-06-21 12:00:00,0,Kaari
2022-06-21 12:00:00,0,Kelly
2022-06-21 12:00:00,0,Kevin
2022-06-21 12:00:00,0,Klara
2022-06-21 12:00:00,0,Maico
2022-06-21 12:00:00,0,Nick
2022-06-21 12:00:00,0,Tanya
2022-06-21 12:00:00,50,Stefan
2022-06-22 12:00:00,0,Inga
2022-06-22 12:00:00,0,Kaari
2022-06-22 12:00:00,0,Kelly
2022-06-22 12:00:00,0,Kevin
2022-06-22 12:00:00,0,Klara
2022-06-22 12:00:00,0,Tanya
2022-06-22 12:00:00,140,Stefan
2022-06-22 12:00:00,60,Nick
2022-06-22 12:00:00,70,Maico
2022-06-23 12:00:00,0,Inga
2022-06-23 12:00:00,0,Kevin
2022-06-23 12:00:00,0,Klara
2022-06-23 12:00:00,0,Nick
2022-06-23 12:00:00,0,Tanya
2022-06-23 12:00:00,20,Kelly
2022-06-23 12:00:00,30,Maico
2022-06-23 12:00:00,5,Kaari
2022-06-23 12:00:00,60,Stefan
2022-06-24 12:00:00,0,Inga
2022-06-24 12:00:00,0,Kaari
2022-06-24 12:00:00,0,Kelly
2022-06-24 12:00:00,0,Kevin
2022-06-24 12:00:00,0,Klara
2022-06-24 12:00:00,0,Maico
2022-06-24 12:00:00,0,Nick
2022-06-24 12:00:00,0,Stefan
2022-06-24 12:00:00,0,Tanya
2022-06-25 12:00:00,0,Inga
2022-06-25 12:00:00,0,Kaari
2022-06-25 12:00:00,0,Kelly
2022-06-25 12:00:00,0,Kevin
2022-06-25 12:00:00,0,Klara
2022-06-25 12:00:00,0,Maico
2022-06-25 12:00:00,0,Nick
2022-06-25 12:00:00,0,Tanya
2022-06-25 12:00:00,100,Stefan
2022-06-26 12:00:00,0,Inga
2022-06-26 12:00:00,0,Kaari
2022-06-26 12:00:00,0,Kelly
2022-06-26 12:00:00,0,Kevin
2022-06-26 12:00:00,0,Klara
2022-06-26 12:00:00,0,Maico
2022-06-26 12:00:00,0,Nick
2022-06-26 12:00:00,0,Tanya
2022-06-26 12:00:00,200,Stefan
2022-06-27 12:00:00,0,Inga
2022-06-27 12:00:00,0,Kaari
2022-06-27 12:00:00,0,Kelly
2022-06-27 12:00:00,0,Kevin
2022-06-27 12:00:00,0,Klara
2022-06-27 12:00:00,0,Maico
2022-06-27 12:00:00,0,Tanya
2022-06-27 12:00:00,150,Stefan
2022-06-27 12:00:00,30,Nick
2022-06-28 12:00:00,0,Inga
2022-06-28 12:00:00,0,Kaari
2022-06-28 12:00:00,0,Kelly
2022-06-28 12:00:00,0,Kevin
2022-06-28 12:00:00,0,Klara
2022-06-28 12:00:00,0,Nick
2022-06-28 12:00:00,0,Tanya
2022-06-28 12:00:00,60,Maico
2022-06-28 12:00:00,90,Stefan
2022-06-29 12:00:00,0,Inga
2022-06-29 12:00:00,0,Kaari
2022-06-29 12:00:00,0,Kelly
2022-06-29 12:00:00,0,Kevin
2022-06-29 12:00:00,0,Klara
2022-06-29 12:00:00,0,Nick
2022-06-29 12:00:00,0,Tanya
2022-06-29 12:00:00,250,Stefan
2022-06-29 12:00:00,30,Maico
2022-06-30 12:00:00,0,Inga
2022-06-30 12:00:00,0,Kaari
2022-06-30 12:00:00,0,Kelly
2022-06-30 12:00:00,0,Kevin
2022-06-30 12:00:00,0,Klara
2022-06-30 12:00:00,0,Tanya
2022-06-30 12:00:00,120,Maico
2022-06-30 12:00:00,30,Nick
2022-06-30 12:00:00,340,Stefan
2022-07-01 12:00:00,0,Inga
2022-07-01 12:00:00,0,Kaari
2022-07-01 12:00:00,0,Kelly
2022-07-01 12:00:00,0,Kevin
2022-07-01 12:00:00,0,Klara
2022-07-01 12:00:00,0,Maico
2022-07-01 12:00:00,0,Nick
2022-07-01 12:00:00,0,Tanya
2022-07-01 12:00:00,50,Stefan
2022-07-02 12:00:00,0,Inga
2022-07-02 12:00:00,0,Kaari
2022-07-02 12:00:00,0,Kelly
2022-07-02 12:00:00,0,Kevin
2022-07-02 12:00:00,0,Klara
2022-07-02 12:00:00,0,Nick
2022-07-02 12:00:00,0,Tanya
2022-07-02 12:00:00,100,Stefan
2022-07-02 12:00:00,80,Maico
2022-07-03 12:00:00,0,Inga
2022-07-03 12:00:00,0,Kaari
2022-07-03 12:00:00,0,Kelly
2022-07-03 12:00:00,0,Kevin
2022-07-03 12:00:00,0,Klara
2022-07-03 12:00:00,0,Nick
2022-07-03 12:00:00,0,Tanya
2022-07-03 12:00:00,150,Stefan
2022-07-03 12:00:00,90,Maico
2022-07-04 12:00:00,0,Inga
2022-07-04 12:00:00,0,Kaari
2022-07-04 12:00:00,0,Kelly
2022-07-04 12:00:00,0,Klara
2022-07-04 12:00:00,0,Nick
2022-07-04 12:00:00,0,Tanya
2022-07-04 12:00:00,300,Stefan
2022-07-04 12:00:00,500,Kevin
2022-07-04 12:00:00,80,Maico
2022-07-05 12:00:00,0,Inga
2022-07-05 12:00:00,0,Kaari
2022-07-05 12:00:00,0,Kelly
2022-07-05 12:00:00,0,Kevin
2022-07-05 12:00:00,0,Klara
2022-07-05 12:00:00,0,Nick
2022-07-05 12:00:00,0,Tanya
2022-07-05 12:00:00,50,Stefan
2022-07-05 12:00:00,60,Maico
2022-07-06 12:00:00,0,Inga
2022-07-06 12:00:00,0,Kaari
2022-07-06 12:00:00,0,Kelly
2022-07-06 12:00:00,0,Kevin
2022-07-06 12:00:00,0,Klara
2022-07-06 12:00:00,0,Maico
2022-07-06 12:00:00,0,Nick
2022-07-06 12:00:00,0,Tanya
2022-07-06 12:00:00,50,Stefan
2022-07-07 12:00:00,0,Inga
2022-07-07 12:00:00,0,Kaari
2022-07-07 12:00:00,0,Kelly
2022-07-07 12:00:00,0,Kevin
2022-07-07 12:00:00,0,Klara
2022-07-07 12:00:00,0,Nick
2022-07-07 12:00:00,0,Tanya
2022-07-07 12:00:00,150,Stefan
2022-07-07 12:00:00,60,Maico
2022-07-08 12:00:00,0,Inga
2022-07-08 12:00:00,0,Kaari
2022-07-08 12:00:00,0,Kelly
2022-07-08 12:00:00,0,Kevin
2022-07-08 12:00:00,0,Klara
2022-07-08 12:00:00,0,Nick
2022-07-08 12:00:00,0,Stefan
2022-07-08 12:00:00,0,Tanya
2022-07-08 12:00:00,170,Maico
2022-07-09 12:00:00,0,Inga
2022-07-09 12:00:00,0,Kaari
2022-07-09 12:00:00,0,Kelly
2022-07-09 12:00:00,0,Kevin
2022-07-09 12:00:00,0,Klara
2022-07-09 12:00:00,0,Nick
2022-07-09 12:00:00,0,Stefan
2022-07-09 12:00:00,0,Tanya
2022-07-09 12:00:00,70,Maico
2022-07-10 12:00:00,0,Inga
2022-07-10 12:00:00,0,Kaari
2022-07-10 12:00:00,0,Kelly
2022-07-10 12:00:00,0,Kevin
2022-07-10 12:00:00,0,Klara
2022-07-10 12:00:00,0,Maico
2022-07-10 12:00:00,0,Nick
2022-07-10 12:00:00,0,Stefan
2022-07-10 12:00:00,0,Tanya
2022-07-11 12:00:00,0,Inga
2022-07-11 12:00:00,0,Kaari
2022-07-11 12:00:00,0,Kelly
2022-07-11 12:00:00,0,Kevin
2022-07-11 12:00:00,0,Klara
2022-07-11 12:00:00,0,Maico
2022-07-11 12:00:00,0,Nick
2022-07-11 12:00:00,0,Tanya
2022-07-11 12:00:00,58,Stefan
2022-07-12 12:00:00,0,Inga
2022-07-12 12:00:00,0,Kaari
2022-07-12 12:00:00,0,Kelly
2022-07-12 12:00:00,0,Kevin
2022-07-12 12:00:00,0,Klara
2022-07-12 12:00:00,0,Maico
2022-07-12 12:00:00,0,Nick
2022-07-12 12:00:00,0,Stefan
2022-07-12 12:00:00,0,Tanya
2022-07-13 12:00:00,0,Inga
2022-07-13 12:00:00,0,Kaari
2022-07-13 12:00:00,0,Kelly
2022-07-13 12:00:00,0,Kevin
2022-07-13 12:00:00,0,Klara
2022-07-13 12:00:00,0,Maico
2022-07-13 12:00:00,0,Nick
2022-07-13 12:00:00,0,Stefan
2022-07-13 12:00:00,0,Tanya
2022-07-14 12:00:00,0,Inga
2022-07-14 12:00:00,0,Kaari
2022-07-14 12:00:00,0,Kelly
2022-07-14 12:00:00,0,Kevin
2022-07-14 12:00:00,0,Klara
2022-07-14 12:00:00,0,Maico
2022-07-14 12:00:00,0,Tanya
2022-07-14 12:00:00,30,Nick
2022-07-14 12:00:00,75,Stefan
2022-07-15 12:00:00,0,Inga
2022-07-15 12:00:00,0,Kaari
2022-07-15 12:00:00,0,Kelly
2022-07-15 12:00:00,0,Kevin
2022-07-15 12:00:00,0,Klara
2022-07-15 12:00:00,0,Maico
2022-07-15 12:00:00,0,Nick
2022-07-15 12:00:00,0,Stefan
2022-07-15 12:00:00,0,Tanya
2022-07-16 12:00:00,0,Inga
2022-07-16 12:00:00,0,Kaari
2022-07-16 12:00:00,0,Kelly
2022-07-16 12:00:00,0,Kevin
2022-07-16 12:00:00,0,Klara
2022-07-16 12:00:00,0,Maico
2022-07-16 12:00:00,0,Nick
2022-07-16 12:00:00,0,Stefan
2022-07-16 12:00:00,0,Tanya
2022-07-17 12:00:00,0,Inga
2022-07-17 12:00:00,0,Kaari
2022-07-17 12:00:00,0,Kelly
2022-07-17 12:00:00,0,Kevin
2022-07-17 12:00:00,0,Klara
2022-07-17 12:00:00,0,Maico
2022-07-17 12:00:00,0,Nick
2022-07-17 12:00:00,0,Tanya
2022-07-17 12:00:00,140,Stefan
2022-07-18 12:00:00,0,Inga
2022-07-18 12:00:00,0,Kaari
2022-07-18 12:00:00,0,Kelly
2022-07-18 12:00:00,0,Kevin
2022-07-18 12:00:00,0,Klara
2022-07-18 12:00:00,0,Maico
2022-07-18 12:00:00,0,Tanya
2022-07-18 12:00:00,15,Stefan
2022-07-18 12:00:00,60,Nick
2022-07-19 12:00:00,0,Inga
2022-07-19 12:00:00,0,Kaari
2022-07-19 12:00:00,0,Kelly
2022-07-19 12:00:00,0,Kevin
2022-07-19 12:00:00,0,Klara
2022-07-19 12:00:00,0,Maico
2022-07-19 12:00:00,0,Nick
2022-07-19 12:00:00,0,Stefan
2022-07-19 12:00:00,0,Tanya
2022-07-20 12:00:00,0,Inga
2022-07-20 12:00:00,0,Kaari
2022-07-20 12:00:00,0,Kelly
2022-07-20 12:00:00,0,Kevin
2022-07-20 12:00:00,0,Klara
2022-07-20 12:00:00,0,Maico
2022-07-20 12:00:00,0,Nick
2022-07-20 12:00:00,0,Tanya
2022-07-20 12:00:00,50,Stefan
2022-07-21 12:00:00,0,Inga
2022-07-21 12:00:00,0,Kaari
2022-07-21 12:00:00,0,Kelly
2022-07-21 12:00:00,0,Kevin
2022-07-21 12:00:00,0,Klara
2022-07-21 12:00:00,0,Maico
2022-07-21 12:00:00,0,Nick
2022-07-21 12:00:00,0,Tanya
2022-07-21 12:00:00,50,Stefan
2022-07-22 12:00:00,0,Inga
2022-07-22 12:00:00,0,Kaari
2022-07-22 12:00:00,0,Kelly
2022-07-22 12:00:00,0,Kevin
2022-07-22 12:00:00,0,Klara
2022-07-22 12:00:00,0,Maico
2022-07-22 12:00:00,0,Nick
2022-07-22 12:00:00,0,Stefan
2022-07-22 12:00:00,0,Tanya
2022-07-23 12:00:00,0,Inga
2022-07-23 12:00:00,0,Kaari
2022-07-23 12:00:00,0,Kelly
2022-07-23 12:00:00,0,Kevin
2022-07-23 12:00:00,0,Klara
2022-07-23 12:00:00,0,Maico
2022-07-23 12:00:00,0,Nick
2022-07-23 12:00:00,0,Tanya
2022-07-23 12:00:00,100,Stefan
2022-07-24 12:00:00,0,Inga
2022-07-24 12:00:00,0,Kaari
2022-07-24 12:00:00,0,Kelly
2022-07-24 12:00:00,0,Kevin
2022-07-24 12:00:00,0,Klara
2022-07-24 12:00:00,0,Maico
2022-07-24 12:00:00,0,Nick
2022-07-24 12:00:00,0,Stefan
2022-07-24 12:00:00,0,Tanya
2022-07-25 12:00:00,0,Inga
2022-07-25 12:00:00,0,Kaari
2022-07-25 12:00:00,0,Kelly
2022-07-25 12:00:00,0,Kevin
2022-07-25 12:00:00,0,Klara
2022-07-25 12:00:00,0,Maico
2022-07-25 12:00:00,0,Nick
2022-07-25 12:00:00,0,Tanya
2022-07-25 12:00:00,100,Stefan
2022-07-26 12:00:00,0,Inga
2022-07-26 12:00:00,0,Kelly
2022-07-26 12:00:00,0,Kevin
2022-07-26 12:00:00,0,Klara
2022-07-26 12:00:00,0,Maico
2022-07-26 12:00:00,0,Nick
2022-07-26 12:00:00,0,Tanya
2022-07-26 12:00:00,5,Kaari
2022-07-26 12:00:00,50,Stefan
2022-07-27 12:00:00,0,Inga
2022-07-27 12:00:00,0,Kaari
2022-07-27 12:00:00,0,Kelly
2022-07-27 12:00:00,0,Kevin
2022-07-27 12:00:00,0,Klara
2022-07-27 12:00:00,0,Maico
2022-07-27 12:00:00,0,Nick
2022-07-27 12:00:00,0,Stefan
2022-07-27 12:00:00,0,Tanya
2022-07-28 12:00:00,0,Inga
2022-07-28 12:00:00,0,Kaari
2022-07-28 12:00:00,0,Kelly
2022-07-28 12:00:00,0,Kevin
2022-07-28 12:00:00,0,Klara
2022-07-28 12:00:00,0,Maico
2022-07-28 12:00:00,0,Nick
2022-07-28 12:00:00,0,Stefan
2022-07-28 12:00:00,0,Tanya
2022-07-29 12:00:00,0,Inga
2022-07-29 12:00:00,0,Kaari
2022-07-29 12:00:00,0,Kelly
2022-07-29 12:00:00,0,Kevin
2022-07-29 12:00:00,0,Klara
2022-07-29 12:00:00,0,Maico
2022-07-29 12:00:00,0,Nick
2022-07-29 12:00:00,0,Tanya
2022-07-29 12:00:00,100,Stefan
2022-07-30 12:00:00,0,Inga
2022-07-30 12:00:00,0,Kaari
2022-07-30 12:00:00,0,Kelly
2022-07-30 12:00:00,0,Kevin
2022-07-30 12:00:00,0,Klara
2022-07-30 12:00:00,0,Maico
2022-07-30 12:00:00,0,Nick
2022-07-30 12:00:00,0,Tanya
2022-07-30 12:00:00,130,Stefan
2022-07-31 12:00:00,0,Inga
2022-07-31 12:00:00,0,Kaari
2022-07-31 12:00:00,0,Kelly
2022-07-31 12:00:00,0,Kevin
2022-07-31 12:00:00,0,Klara
2022-07-31 12:00:00,0,Maico
2022-07-31 12:00:00,0,Nick
2022-07-31 12:00:00,0,Stefan
2022-07-31 12:00:00,0,Tanya
2022-08-01 12:00:00,0,Inga
2022-08-01 12:00:00,0,Kaari
2022-08-01 12:00:00,0,Kelly
2022-08-01 12:00:00,0,Kevin
2022-08-01 12:00:00,0,Klara
2022-08-01 12:00:00,0,Maico
2022-08-01 12:00:00,0,Nick
2022-08-01 12:00:00,0,Stefan
2022-08-01 12:00:00,0,Tanya
2022-08-02 12:00:00,0,Inga
2022-08-02 12:00:00,0,Kaari
2022-08-02 12:00:00,0,Kelly
2022-08-02 12:00:00,0,Kevin
2022-08-02 12:00:00,0,Klara
2022-08-02 12:00:00,0,Maico
2022-08-02 12:00:00,0,Nick
2022-08-02 12:00:00,0,Tanya
2022-08-02 12:00:00,100,Stefan
2022-08-03 12:00:00,0,Inga
2022-08-03 12:00:00,0,Kaari
2022-08-03 12:00:00,0,Kelly
2022-08-03 12:00:00,0,Kevin
2022-08-03 12:00:00,0,Klara
2022-08-03 12:00:00,0,Maico
2022-08-03 12:00:00,0,Nick
2022-08-03 12:00:00,0,Stefan
2022-08-03 12:00:00,0,Tanya
2022-08-04 12:00:00,0,Inga
2022-08-04 12:00:00,0,Kaari
2022-08-04 12:00:00,0,Kelly
2022-08-04 12:00:00,0,Kevin
2022-08-04 12:00:00,0,Klara
2022-08-04 12:00:00,0,Maico
2022-08-04 12:00:00,0,Nick
2022-08-04 12:00:00,0,Stefan
2022-08-04 12:00:00,0,Tanya
2022-08-05 12:00:00,0,Inga
2022-08-05 12:00:00,0,Kaari
2022-08-05 12:00:00,0,Kelly
2022-08-05 12:00:00,0,Kevin
2022-08-05 12:00:00,0,Klara
2022-08-05 12:00:00,0,Maico
2022-08-05 12:00:00,0,Nick
2022-08-05 12:00:00,0,Stefan
2022-08-05 12:00:00,0,Tanya
2022-08-06 12:00:00,0,Inga
2022-08-06 12:00:00,0,Kaari
2022-08-06 12:00:00,0,Kelly
2022-08-06 12:00:00,0,Kevin
2022-08-06 12:00:00,0,Klara
2022-08-06 12:00:00,0,Maico
2022-08-06 12:00:00,0,Nick
2022-08-06 12:00:00,0,Stefan
2022-08-06 12:00:00,0,Tanya
2022-08-07 12:00:00,0,Inga
2022-08-07 12:00:00,0,Kaari
2022-08-07 12:00:00,0,Kelly
2022-08-07 12:00:00,0,Kevin
2022-08-07 12:00:00,0,Klara
2022-08-07 12:00:00,0,Maico
2022-08-07 12:00:00,0,Nick
2022-08-07 12:00:00,0,Tanya
2022-08-07 12:00:00,64,Stefan
2022-08-08 12:00:00,0,Inga
2022-08-08 12:00:00,0,Kaari
2022-08-08 12:00:00,0,Kelly
2022-08-08 12:00:00,0,Kevin
2022-08-08 12:00:00,0,Klara
2022-08-08 12:00:00,0,Maico
2022-08-08 12:00:00,0,Nick
2022-08-08 12:00:00,0,Tanya
2022-08-08 12:00:00,50,Stefan
2022-08-09 12:00:00,0,Inga
2022-08-09 12:00:00,0,Kaari
2022-08-09 12:00:00,0,Kelly
2022-08-09 12:00:00,0,Kevin
2022-08-09 12:00:00,0,Klara
2022-08-09 12:00:00,0,Maico
2022-08-09 12:00:00,0,Nick
2022-08-09 12:00:00,0,Stefan
2022-08-09 12:00:00,0,Tanya
2022-08-10 12:00:00,0,Inga
2022-08-10 12:00:00,0,Kaari
2022-08-10 12:00:00,0,Kelly
2022-08-10 12:00:00,0,Kevin
2022-08-10 12:00:00,0,Klara
2022-08-10 12:00:00,0,Maico
2022-08-10 12:00:00,0,Nick
2022-08-10 12:00:00,0,Tanya
2022-08-10 12:00:00,30,Stefan
2022-08-11 12:00:00,0,Inga
2022-08-11 12:00:00,0,Kaari
2022-08-11 12:00:00,0,Kelly
2022-08-11 12:00:00,0,Kevin
2022-08-11 12:00:00,0,Klara
2022-08-11 12:00:00,0,Maico
2022-08-11 12:00:00,0,Nick
2022-08-11 12:00:00,0,Stefan
2022-08-11 12:00:00,0,Tanya
2022-08-12 12:00:00,0,Inga
2022-08-12 12:00:00,0,Kaari
2022-08-12 12:00:00,0,Kelly
2022-08-12 12:00:00,0,Kevin
2022-08-12 12:00:00,0,Klara
2022-08-12 12:00:00,0,Maico
2022-08-12 12:00:00,0,Nick
2022-08-12 12:00:00,0,Stefan
2022-08-12 12:00:00,0,Tanya
2022-08-13 12:00:00,0,Inga
2022-08-13 12:00:00,0,Kaari
2022-08-13 12:00:00,0,Kelly
2022-08-13 12:00:00,0,Kevin
2022-08-13 12:00:00,0,Klara
2022-08-13 12:00:00,0,Maico
2022-08-13 12:00:00,0,Nick
2022-08-13 12:00:00,0,Stefan
2022-08-13 12:00:00,0,Tanya
2022-08-14 12:00:00,0,Inga
2022-08-14 12:00:00,0,Kelly
2022-08-14 12:00:00,0,Kevin
2022-08-14 12:00:00,0,Klara
2022-08-14 12:00:00,0,Maico
2022-08-14 12:00:00,0,Nick
2022-08-14 12:00:00,0,Stefan
2022-08-14 12:00:00,0,Tanya
2022-08-14 12:00:00,5,Kaari
2022-08-15 12:00:00,0,Inga
2022-08-15 12:00:00,0,Kaari
2022-08-15 12:00:00,0,Kelly
2022-08-15 12:00:00,0,Kevin
2022-08-15 12:00:00,0,Klara
2022-08-15 12:00:00,0,Maico
2022-08-15 12:00:00,0,Nick
2022-08-15 12:00:00,0,Tanya
2022-08-15 12:00:00,50,Stefan
2022-08-16 12:00:00,0,Inga
2022-08-16 12:00:00,0,Kaari
2022-08-16 12:00:00,0,Kelly
2022-08-16 12:00:00,0,Kevin
2022-08-16 12:00:00,0,Klara
2022-08-16 12:00:00,0,Maico
2022-08-16 12:00:00,0,Nick
2022-08-16 12:00:00,0,Stefan
2022-08-16 12:00:00,0,Tanya
2022-08-17 12:00:00,0,Inga
2022-08-17 12:00:00,0,Kaari
2022-08-17 12:00:00,0,Kelly
2022-08-17 12:00:00,0,Kevin
2022-08-17 12:00:00,0,Klara
2022-08-17 12:00:00,0,Maico
2022-08-17 12:00:00,0,Nick
2022-08-17 12:00:00,0,Stefan
2022-08-17 12:00:00,0,Tanya
2022-08-18 12:00:00,0,Inga
2022-08-18 12:00:00,0,Kaari
2022-08-18 12:00:00,0,Kelly
2022-08-18 12:00:00,0,Kevin
2022-08-18 12:00:00,0,Klara
2022-08-18 12:00:00,0,Maico
2022-08-18 12:00:00,0,Nick
2022-08-18 12:00:00,0,Stefan
2022-08-18 12:00:00,0,Tanya
2022-08-19 12:00:00,0,Inga
2022-08-19 12:00:00,0,Kaari
2022-08-19 12:00:00,0,Kelly
2022-08-19 12:00:00,0,Kevin
2022-08-19 12:00:00,0,Klara
2022-08-19 12:00:00,0,Maico
2022-08-19 12:00:00,0,Nick
2022-08-19 12:00:00,0,Stefan
2022-08-19 12:00:00,0,Tanya
2022-08-20 12:00:00,0,Inga
2022-08-20 12:00:00,0,Kaari
2022-08-20 12:00:00,0,Kelly
2022-08-20 12:00:00,0,Kevin
2022-08-20 12:00:00,0,Klara
2022-08-20 12:00:00,0,Maico
2022-08-20 12:00:00,0,Nick
2022-08-20 12:00:00,0,Stefan
2022-08-20 12:00:00,0,Tanya
2022-08-21 12:00:00,0,Inga
2022-08-21 12:00:00,0,Kaari
2022-08-21 12:00:00,0,Kelly
2022-08-21 12:00:00,0,Kevin
2022-08-21 12:00:00,0,Klara
2022-08-21 12:00:00,0,Maico
2022-08-21 12:00:00,0,Nick
2022-08-21 12:00:00,0,Stefan
2022-08-21 12:00:00,0,Tanya
2022-08-22 12:00:00,0,Inga
2022-08-22 12:00:00,0,Kaari
2022-08-22 12:00:00,0,Kelly
2022-08-22 12:00:00,0,Kevin
2022-08-22 12:00:00,0,Klara
2022-08-22 12:00:00,0,Nick
2022-08-22 12:00:00,0,Stefan
2022-08-22 12:00:00,0,Tanya
2022-08-22 12:00:00,90,Maico
2022-08-23 12:00:00,0,Inga
2022-08-23 12:00:00,0,Kaari
2022-08-23 12:00:00,0,Kelly
2022-08-23 12:00:00,0,Kevin
2022-08-23 12:00:00,0,Klara
2022-08-23 12:00:00,0,Nick
2022-08-23 12:00:00,0,Stefan
2022-08-23 12:00:00,0,Tanya
2022-08-23 12:00:00,30,Maico
2022-08-24 12:00:00,0,Inga
2022-08-24 12:00:00,0,Kaari
2022-08-24 12:00:00,0,Kelly
2022-08-24 12:00:00,0,Kevin
2022-08-24 12:00:00,0,Klara
2022-08-24 12:00:00,0,Maico
2022-08-24 12:00:00,0,Nick
2022-08-24 12:00:00,0,Tanya
2022-08-24 12:00:00,50,Stefan
2022-08-25 12:00:00,0,Inga
2022-08-25 12:00:00,0,Kaari
2022-08-25 12:00:00,0,Kelly
2022-08-25 12:00:00,0,Kevin
2022-08-25 12:00:00,0,Klara
2022-08-25 12:00:00,0,Nick
2022-08-25 12:00:00,0,Stefan
2022-08-25 12:00:00,0,Tanya
2022-08-25 12:00:00,60,Maico
2022-08-26 12:00:00,0,Inga
2022-08-26 12:00:00,0,Kaari
2022-08-26 12:00:00,0,Kelly
2022-08-26 12:00:00,0,Kevin
2022-08-26 12:00:00,0,Klara
2022-08-26 12:00:00,0,Maico
2022-08-26 12:00:00,0,Nick
2022-08-26 12:00:00,0,Stefan
2022-08-26 12:00:00,0,Tanya
2022-08-27 12:00:00,0,Inga
2022-08-27 12:00:00,0,Kaari
2022-08-27 12:00:00,0,Kelly
2022-08-27 12:00:00,0,Kevin
2022-08-27 12:00:00,0,Klara
2022-08-27 12:00:00,0,Maico
2022-08-27 12:00:00,0,Nick
2022-08-27 12:00:00,0,Stefan
2022-08-27 12:00:00,0,Tanya
2022-08-28 12:00:00,0,Inga
2022-08-28 12:00:00,0,Kaari
2022-08-28 12:00:00,0,Kelly
2022-08-28 12:00:00,0,Kevin
2022-08-28 12:00:00,0,Klara
2022-08-28 12:00:00,0,Maico
2022-08-28 12:00:00,0,Nick
2022-08-28 12:00:00,0,Stefan
2022-08-28 12:00:00,0,Tanya
2022-08-29 12:00:00,0,Inga
2022-08-29 12:00:00,0,Kaari
2022-08-29 12:00:00,0,Kelly
2022-08-29 12:00:00,0,Kevin
2022-08-29 12:00:00,0,Klara
2022-08-29 12:00:00,0,Nick
2022-08-29 12:00:00,0,Stefan
2022-08-29 12:00:00,0,Tanya
2022-08-29 12:00:00,60,Maico
2022-08-30 12:00:00,0,Inga
2022-08-30 12:00:00,0,Kaari
2022-08-30 12:00:00,0,Kelly
2022-08-30 12:00:00,0,Kevin
2022-08-30 12:00:00,0,Klara
2022-08-30 12:00:00,0,Nick
2022-08-30 12:00:00,0,Stefan
2022-08-30 12:00:00,0,Tanya
2022-08-30 12:00:00,90,Maico
2022-08-31 12:00:00,0,Inga
2022-08-31 12:00:00,0,Kaari
2022-08-31 12:00:00,0,Kelly
2022-08-31 12:00:00,0,Kevin
2022-08-31 12:00:00,0,Klara
2022-08-31 12:00:00,0,Nick
2022-08-31 12:00:00,0,Tanya
2022-08-31 12:00:00,75,Stefan
2022-08-31 12:00:00,90,Maico
2022-09-01 12:00:00,0,Inga
2022-09-01 12:00:00,0,Kaari
2022-09-01 12:00:00,0,Kelly
2022-09-01 12:00:00,0,Kevin
2022-09-01 12:00:00,0,Klara
2022-09-01 12:00:00,0,Nick
2022-09-01 12:00:00,0,Tanya
2022-09-01 12:00:00,55,Maico
2022-09-01 12:00:00,70,Stefan
2022-09-02 12:00:00,0,Inga
2022-09-02 12:00:00,0,Kaari
2022-09-02 12:00:00,0,Kelly
2022-09-02 12:00:00,0,Kevin
2022-09-02 12:00:00,0,Klara
2022-09-02 12:00:00,0,Nick
2022-09-02 12:00:00,0,Tanya
2022-09-02 12:00:00,60,Maico
2022-09-02 12:00:00,60,Stefan
2022-09-03 12:00:00,0,Inga
2022-09-03 12:00:00,0,Kaari
2022-09-03 12:00:00,0,Kelly
2022-09-03 12:00:00,0,Kevin
2022-09-03 12:00:00,0,Klara
2022-09-03 12:00:00,0,Nick
2022-09-03 12:00:00,0,Tanya
2022-09-03 12:00:00,30,Maico
2022-09-03 12:00:00,50,Stefan
2022-09-04 12:00:00,0,Inga
2022-09-04 12:00:00,0,Kaari
2022-09-04 12:00:00,0,Kelly
2022-09-04 12:00:00,0,Kevin
2022-09-04 12:00:00,0,Klara
2022-09-04 12:00:00,0,Nick
2022-09-04 12:00:00,0,Tanya
2022-09-04 12:00:00,130,Stefan
2022-09-04 12:00:00,145,Maico
2022-09-05 12:00:00,0,Inga
2022-09-05 12:00:00,0,Kaari
2022-09-05 12:00:00,0,Kelly
2022-09-05 12:00:00,0,Kevin
2022-09-05 12:00:00,0,Klara
2022-09-05 12:00:00,0,Nick
2022-09-05 12:00:00,0,Tanya
2022-09-05 12:00:00,50,Stefan
2022-09-05 12:00:00,60,Maico
2022-09-06 12:00:00,0,Inga
2022-09-06 12:00:00,0,Kaari
2022-09-06 12:00:00,0,Kelly
2022-09-06 12:00:00,0,Kevin
2022-09-06 12:00:00,0,Klara
2022-09-06 12:00:00,0,Nick
2022-09-06 12:00:00,0,Stefan
2022-09-06 12:00:00,0,Tanya
2022-09-06 12:00:00,70,Maico
2022-09-07 12:00:00,0,Inga
2022-09-07 12:00:00,0,Kaari
2022-09-07 12:00:00,0,Kelly
2022-09-07 12:00:00,0,Kevin
2022-09-07 12:00:00,0,Klara
2022-09-07 12:00:00,0,Nick
2022-09-07 12:00:00,0,Tanya
2022-09-07 12:00:00,25,Maico
2022-09-07 12:00:00,50,Stefan
2022-09-08 12:00:00,0,Inga
2022-09-08 12:00:00,0,Kaari
2022-09-08 12:00:00,0,Kelly
2022-09-08 12:00:00,0,Kevin
2022-09-08 12:00:00,0,Klara
2022-09-08 12:00:00,0,Nick
2022-09-08 12:00:00,0,Tanya
2022-09-08 12:00:00,40,Maico
2022-09-08 12:00:00,50,Stefan
2022-09-09 12:00:00,0,Inga
2022-09-09 12:00:00,0,Kaari
2022-09-09 12:00:00,0,Kelly
2022-09-09 12:00:00,0,Kevin
2022-09-09 12:00:00,0,Klara
2022-09-09 12:00:00,0,Nick
2022-09-09 12:00:00,0,Tanya
2022-09-09 12:00:00,50,Stefan
2022-09-09 12:00:00,60,Maico
2022-09-10 12:00:00,0,Inga
2022-09-10 12:00:00,0,Kaari
2022-09-10 12:00:00,0,Kelly
2022-09-10 12:00:00,0,Kevin
2022-09-10 12:00:00,0,Klara
2022-09-10 12:00:00,0,Maico
2022-09-10 12:00:00,0,Nick
2022-09-10 12:00:00,0,Stefan
2022-09-10 12:00:00,0,Tanya
2022-09-11 12:00:00,0,Inga
2022-09-11 12:00:00,0,Kaari
2022-09-11 12:00:00,0,Kelly
2022-09-11 12:00:00,0,Kevin
2022-09-11 12:00:00,0,Klara
2022-09-11 12:00:00,0,Nick
2022-09-11 12:00:00,0,Tanya
2022-09-11 12:00:00,100,Stefan
2022-09-11 12:00:00,90,Maico
2022-09-12 12:00:00,0,Inga
2022-09-12 12:00:00,0,Kaari
2022-09-12 12:00:00,0,Kelly
2022-09-12 12:00:00,0,Kevin
2022-09-12 12:00:00,0,Klara
2022-09-12 12:00:00,0,Nick
2022-09-12 12:00:00,0,Stefan
2022-09-12 12:00:00,0,Tanya
2022-09-12 12:00:00,25,Maico
2022-09-13 12:00:00,0,Inga
2022-09-13 12:00:00,0,Kaari
2022-09-13 12:00:00,0,Kelly
2022-09-13 12:00:00,0,Kevin
2022-09-13 12:00:00,0,Klara
2022-09-13 12:00:00,0,Nick
2022-09-13 12:00:00,0,Stefan
2022-09-13 12:00:00,0,Tanya
2022-09-13 12:00:00,120,Maico
2022-09-14 12:00:00,0,Inga
2022-09-14 12:00:00,0,Kaari
2022-09-14 12:00:00,0,Kelly
2022-09-14 12:00:00,0,Kevin
2022-09-14 12:00:00,0,Klara
2022-09-14 12:00:00,0,Nick
2022-09-14 12:00:00,0,Stefan
2022-09-14 12:00:00,0,Tanya
2022-09-14 12:00:00,40,Maico
2022-09-15 12:00:00,0,Inga
2022-09-15 12:00:00,0,Kaari
2022-09-15 12:00:00,0,Kelly
2022-09-15 12:00:00,0,Kevin
2022-09-15 12:00:00,0,Klara
2022-09-15 12:00:00,0,Maico
2022-09-15 12:00:00,0,Nick
2022-09-15 12:00:00,0,Stefan
2022-09-15 12:00:00,0,Tanya
2022-09-16 12:00:00,0,Inga
2022-09-16 12:00:00,0,Kaari
2022-09-16 12:00:00,0,Kelly
2022-09-16 12:00:00,0,Kevin
2022-09-16 12:00:00,0,Klara
2022-09-16 12:00:00,0,Nick
2022-09-16 12:00:00,0,Stefan
2022-09-16 12:00:00,0,Tanya
2022-09-16 12:00:00,35,Maico
2022-09-17 12:00:00,0,Inga
2022-09-17 12:00:00,0,Kaari
2022-09-17 12:00:00,0,Kelly
2022-09-17 12:00:00,0,Kevin
2022-09-17 12:00:00,0,Klara
2022-09-17 12:00:00,0,Maico
2022-09-17 12:00:00,0,Nick
2022-09-17 12:00:00,0,Stefan
2022-09-17 12:00:00,0,Tanya
2022-09-18 12:00:00,0,Inga
2022-09-18 12:00:00,0,Kaari
2022-09-18 12:00:00,0,Kelly
2022-09-18 12:00:00,0,Kevin
2022-09-18 12:00:00,0,Klara
2022-09-18 12:00:00,0,Maico
2022-09-18 12:00:00,0,Nick
2022-09-18 12:00:00,0,Stefan
2022-09-18 12:00:00,0,Tanya
2022-09-19 12:00:00,0,Inga
2022-09-19 12:00:00,0,Kaari
2022-09-19 12:00:00,0,Kelly
2022-09-19 12:00:00,0,Kevin
2022-09-19 12:00:00,0,Klara
2022-09-19 12:00:00,0,Maico
2022-09-19 12:00:00,0,Nick
2022-09-19 12:00:00,0,Tanya
2022-09-19 12:00:00,50,Stefan
2022-09-20 12:00:00,0,Inga
2022-09-20 12:00:00,0,Kaari
2022-09-20 12:00:00,0,Kelly
2022-09-20 12:00:00,0,Kevin
2022-09-20 12:00:00,0,Klara
2022-09-20 12:00:00,0,Nick
2022-09-20 12:00:00,0,Stefan
2022-09-20 12:00:00,0,Tanya
2022-09-20 12:00:00,30,Maico
2022-09-21 12:00:00,0,Inga
2022-09-21 12:00:00,0,Kaari
2022-09-21 12:00:00,0,Kelly
2022-09-21 12:00:00,0,Kevin
2022-09-21 12:00:00,0,Klara
2022-09-21 12:00:00,0,Maico
2022-09-21 12:00:00,0,Nick
2022-09-21 12:00:00,0,Stefan
2022-09-21 12:00:00,0,Tanya
2022-09-22 12:00:00,0,Inga
2022-09-22 12:00:00,0,Kaari
2022-09-22 12:00:00,0,Kelly
2022-09-22 12:00:00,0,Kevin
2022-09-22 12:00:00,0,Klara
2022-09-22 12:00:00,0,Nick
2022-09-22 12:00:00,0,Stefan
2022-09-22 12:00:00,0,Tanya
2022-09-22 12:00:00,80,Maico
2022-09-23 12:00:00,0,Inga
2022-09-23 12:00:00,0,Kaari
2022-09-23 12:00:00,0,Kelly
2022-09-23 12:00:00,0,Kevin
2022-09-23 12:00:00,0,Klara
2022-09-23 12:00:00,0,Nick
2022-09-23 12:00:00,0,Stefan
2022-09-23 12:00:00,0,Tanya
2022-09-23 12:00:00,55,Maico
2022-09-24 12:00:00,0,Inga
2022-09-24 12:00:00,0,Kaari
2022-09-24 12:00:00,0,Kelly
2022-09-24 12:00:00,0,Kevin
2022-09-24 12:00:00,0,Klara
2022-09-24 12:00:00,0,Nick
2022-09-24 12:00:00,0,Stefan
2022-09-24 12:00:00,0,Tanya
2022-09-24 12:00:00,35,Maico
2022-09-25 12:00:00,0,Inga
2022-09-25 12:00:00,0,Kaari
2022-09-25 12:00:00,0,Kelly
2022-09-25 12:00:00,0,Kevin
2022-09-25 12:00:00,0,Klara
2022-09-25 12:00:00,0,Nick
2022-09-25 12:00:00,0,Stefan
2022-09-25 12:00:00,0,Tanya
2022-09-25 12:00:00,60,Maico
2022-09-26 12:00:00,0,Inga
2022-09-26 12:00:00,0,Kaari
2022-09-26 12:00:00,0,Kelly
2022-09-26 12:00:00,0,Kevin
2022-09-26 12:00:00,0,Klara
2022-09-26 12:00:00,0,Nick
2022-09-26 12:00:00,0,Stefan
2022-09-26 12:00:00,0,Tanya
2022-09-26 12:00:00,50,Maico
2022-09-27 12:00:00,0,Inga
2022-09-27 12:00:00,0,Kaari
2022-09-27 12:00:00,0,Kelly
2022-09-27 12:00:00,0,Kevin
2022-09-27 12:00:00,0,Klara
2022-09-27 12:00:00,0,Nick
2022-09-27 12:00:00,0,Stefan
2022-09-27 12:00:00,0,Tanya
2022-09-27 12:00:00,60,Maico
2022-09-28 12:00:00,0,Inga
2022-09-28 12:00:00,0,Kaari
2022-09-28 12:00:00,0,Kelly
2022-09-28 12:00:00,0,Kevin
2022-09-28 12:00:00,0,Klara
2022-09-28 12:00:00,0,Nick
2022-09-28 12:00:00,0,Stefan
2022-09-28 12:00:00,0,Tanya
2022-09-28 12:00:00,150,Maico
2022-09-29 12:00:00,0,Inga
2022-09-29 12:00:00,0,Kaari
2022-09-29 12:00:00,0,Kelly
2022-09-29 12:00:00,0,Kevin
2022-09-29 12:00:00,0,Klara
2022-09-29 12:00:00,0,Nick
2022-09-29 12:00:00,0,Stefan
2022-09-29 12:00:00,0,Tanya
2022-09-29 12:00:00,65,Maico
2022-09-30 12:00:00,0,Inga
2022-09-30 12:00:00,0,Kaari
2022-09-30 12:00:00,0,Kelly
2022-09-30 12:00:00,0,Kevin
2022-09-30 12:00:00,0,Klara
2022-09-30 12:00:00,0,Maico
2022-09-30 12:00:00,0,Nick
2022-09-30 12:00:00,0,Stefan
2022-09-30 12:00:00,0,Tanya
2022-10-01 12:00:00,0,Inga
2022-10-01 12:00:00,0,Kaari
2022-10-01 12:00:00,0,Kelly
2022-10-01 12:00:00,0,Kevin
2022-10-01 12:00:00,0,Klara
2022-10-01 12:00:00,0,Maico
2022-10-01 12:00:00,0,Nick
2022-10-01 12:00:00,0,Tanya
2022-10-01 12:00:00,50,Stefan
2022-10-02 12:00:00,0,Inga
2022-10-02 12:00:00,0,Kaari
2022-10-02 12:00:00,0,Kelly
2022-10-02 12:00:00,0,Kevin
2022-10-02 12:00:00,0,Klara
2022-10-02 12:00:00,0,Maico
2022-10-02 12:00:00,0,Nick
2022-10-02 12:00:00,0,Tanya
2022-10-02 12:00:00,52,Stefan
2022-10-03 12:00:00,0,Inga
2022-10-03 12:00:00,0,Kaari
2022-10-03 12:00:00,0,Kelly
2022-10-03 12:00:00,0,Kevin
2022-10-03 12:00:00,0,Klara
2022-10-03 12:00:00,0,Maico
2022-10-03 12:00:00,0,Nick
2022-10-03 12:00:00,0,Tanya
2022-10-03 12:00:00,70,Stefan
2022-10-04 12:00:00,0,Inga
2022-10-04 12:00:00,0,Kaari
2022-10-04 12:00:00,0,Kelly
2022-10-04 12:00:00,0,Kevin
2022-10-04 12:00:00,0,Klara
2022-10-04 12:00:00,0,Maico
2022-10-04 12:00:00,0,Nick
2022-10-04 12:00:00,0,Stefan
2022-10-04 12:00:00,0,Tanya
2022-10-05 12:00:00,0,Inga
2022-10-05 12:00:00,0,Kaari
2022-10-05 12:00:00,0,Kelly
2022-10-05 12:00:00,0,Kevin
2022-10-05 12:00:00,0,Klara
2022-10-05 12:00:00,0,Nick
2022-10-05 12:00:00,0,Stefan
2022-10-05 12:00:00,0,Tanya
2022-10-05 12:00:00,25,Maico
2022-10-06 12:00:00,0,Inga
2022-10-06 12:00:00,0,Kaari
2022-10-06 12:00:00,0,Kelly
2022-10-06 12:00:00,0,Kevin
2022-10-06 12:00:00,0,Klara
2022-10-06 12:00:00,0,Nick
2022-10-06 12:00:00,0,Stefan
2022-10-06 12:00:00,0,Tanya
2022-10-06 12:00:00,25,Maico
2022-10-07 12:00:00,0,Inga
2022-10-07 12:00:00,0,Kaari
2022-10-07 12:00:00,0,Kelly
2022-10-07 12:00:00,0,Kevin
2022-10-07 12:00:00,0,Klara
2022-10-07 12:00:00,0,Maico
2022-10-07 12:00:00,0,Nick
2022-10-07 12:00:00,0,Stefan
2022-10-07 12:00:00,0,Tanya
2022-10-08 12:00:00,0,Inga
2022-10-08 12:00:00,0,Kaari
2022-10-08 12:00:00,0,Kelly
2022-10-08 12:00:00,0,Kevin
2022-10-08 12:00:00,0,Klara
2022-10-08 12:00:00,0,Maico
2022-10-08 12:00:00,0,Nick
2022-10-08 12:00:00,0,Stefan
2022-10-08 12:00:00,0,Tanya
2022-10-09 12:00:00,0,Inga
2022-10-09 12:00:00,0,Kaari
2022-10-09 12:00:00,0,Kelly
2022-10-09 12:00:00,0,Kevin
2022-10-09 12:00:00,0,Klara
2022-10-09 12:00:00,0,Maico
2022-10-09 12:00:00,0,Nick
2022-10-09 12:00:00,0,Stefan
2022-10-09 12:00:00,0,Tanya
2022-10-10 12:00:00,0,Inga
2022-10-10 12:00:00,0,Kaari
2022-10-10 12:00:00,0,Kelly
2022-10-10 12:00:00,0,Kevin
2022-10-10 12:00:00,0,Klara
2022-10-10 12:00:00,0,Maico
2022-10-10 12:00:00,0,Nick
2022-10-10 12:00:00,0,Stefan
2022-10-10 12:00:00,0,Tanya
2022-10-11 12:00:00,0,Inga
2022-10-11 12:00:00,0,Kaari
2022-10-11 12:00:00,0,Kelly
2022-10-11 12:00:00,0,Kevin
2022-10-11 12:00:00,0,Klara
2022-10-11 12:00:00,0,Maico
2022-10-11 12:00:00,0,Nick
2022-10-11 12:00:00,0,Stefan
2022-10-11 12:00:00,0,Tanya
2022-10-12 12:00:00,0,Inga
2022-10-12 12:00:00,0,Kaari
2022-10-12 12:00:00,0,Kelly
2022-10-12 12:00:00,0,Kevin
2022-10-12 12:00:00,0,Klara
2022-10-12 12:00:00,0,Maico
2022-10-12 12:00:00,0,Nick
2022-10-12 12:00:00,0,Tanya
2022-10-12 12:00:00,50,Stefan
2022-10-13 12:00:00,0,Inga
2022-10-13 12:00:00,0,Kaari
2022-10-13 12:00:00,0,Kelly
2022-10-13 12:00:00,0,Kevin
2022-10-13 12:00:00,0,Klara
2022-10-13 12:00:00,0,Maico
2022-10-13 12:00:00,0,Nick
2022-10-13 12:00:00,0,Stefan
2022-10-13 12:00:00,0,Tanya
2022-10-14 12:00:00,0,Inga
2022-10-14 12:00:00,0,Kaari
2022-10-14 12:00:00,0,Kelly
2022-10-14 12:00:00,0,Kevin
2022-10-14 12:00:00,0,Klara
2022-10-14 12:00:00,0,Maico
2022-10-14 12:00:00,0,Nick
2022-10-14 12:00:00,0,Stefan
2022-10-14 12:00:00,0,Tanya
2022-10-15 12:00:00,0,Inga
2022-10-15 12:00:00,0,Kaari
2022-10-15 12:00:00,0,Kelly
2022-10-15 12:00:00,0,Kevin
2022-10-15 12:00:00,0,Klara
2022-10-15 12:00:00,0,Maico
2022-10-15 12:00:00,0,Nick
2022-10-15 12:00:00,0,Stefan
2022-10-15 12:00:00,0,Tanya
2022-10-16 12:00:00,0,Inga
2022-10-16 12:00:00,0,Kaari
2022-10-16 12:00:00,0,Kelly
2022-10-16 12:00:00,0,Kevin
2022-10-16 12:00:00,0,Klara
2022-10-16 12:00:00,0,Maico
2022-10-16 12:00:00,0,Nick
2022-10-16 12:00:00,0,Stefan
2022-10-16 12:00:00,0,Tanya
2022-10-17 12:00:00,0,Inga
2022-10-17 12:00:00,0,Kaari
2022-10-17 12:00:00,0,Kelly
2022-10-17 12:00:00,0,Kevin
2022-10-17 12:00:00,0,Klara
2022-10-17 12:00:00,0,Maico
2022-10-17 12:00:00,0,Nick
2022-10-17 12:00:00,0,Tanya
2022-10-17 12:00:00,50,Stefan
2022-10-18 12:00:00,0,Inga
2022-10-18 12:00:00,0,Kaari
2022-10-18 12:00:00,0,Kelly
2022-10-18 12:00:00,0,Kevin
2022-10-18 12:00:00,0,Klara
2022-10-18 12:00:00,0,Maico
2022-10-18 12:00:00,0,Nick
2022-10-18 12:00:00,0,Stefan
2022-10-18 12:00:00,0,Tanya
2022-10-19 12:00:00,0,Inga
2022-10-19 12:00:00,0,Kaari
2022-10-19 12:00:00,0,Kelly
2022-10-19 12:00:00,0,Kevin
2022-10-19 12:00:00,0,Klara
2022-10-19 12:00:00,0,Maico
2022-10-19 12:00:00,0,Nick
2022-10-19 12:00:00,0,Stefan
2022-10-19 12:00:00,0,Tanya
2022-10-20 12:00:00,0,Inga
2022-10-20 12:00:00,0,Kaari
2022-10-20 12:00:00,0,Kelly
2022-10-20 12:00:00,0,Kevin
2022-10-20 12:00:00,0,Klara
2022-10-20 12:00:00,0,Maico
2022-10-20 12:00:00,0,Nick
2022-10-20 12:00:00,0,Stefan
2022-10-20 12:00:00,0,Tanya
2022-10-21 12:00:00,0,Inga
2022-10-21 12:00:00,0,Kaari
2022-10-21 12:00:00,0,Kelly
2022-10-21 12:00:00,0,Kevin
2022-10-21 12:00:00,0,Klara
2022-10-21 12:00:00,0,Maico
2022-10-21 12:00:00,0,Nick
2022-10-21 12:00:00,0,Stefan
2022-10-21 12:00:00,0,Tanya
2022-10-22 12:00:00,0,Inga
2022-10-22 12:00:00,0,Kaari
2022-10-22 12:00:00,0,Kelly
2022-10-22 12:00:00,0,Kevin
2022-10-22 12:00:00,0,Klara
2022-10-22 12:00:00,0,Maico
2022-10-22 12:00:00,0,Nick
2022-10-22 12:00:00,0,Tanya
2022-10-22 12:00:00,50,Stefan
2022-10-23 12:00:00,0,Inga
2022-10-23 12:00:00,0,Kaari
2022-10-23 12:00:00,0,Kelly
2022-10-23 12:00:00,0,Kevin
2022-10-23 12:00:00,0,Klara
2022-10-23 12:00:00,0,Maico
2022-10-23 12:00:00,0,Nick
2022-10-23 12:00:00,0,Stefan
2022-10-23 12:00:00,0,Tanya
2022-10-24 12:00:00,0,Inga
2022-10-24 12:00:00,0,Kaari
2022-10-24 12:00:00,0,Kelly
2022-10-24 12:00:00,0,Kevin
2022-10-24 12:00:00,0,Klara
2022-10-24 12:00:00,0,Maico
2022-10-24 12:00:00,0,Nick
2022-10-24 12:00:00,0,Stefan
2022-10-24 12:00:00,0,Tanya
2022-10-25 12:00:00,0,Inga
2022-10-25 12:00:00,0,Kaari
2022-10-25 12:00:00,0,Kelly
2022-10-25 12:00:00,0,Kevin
2022-10-25 12:00:00,0,Klara
2022-10-25 12:00:00,0,Maico
2022-10-25 12:00:00,0,Nick
2022-10-25 12:00:00,0,Stefan
2022-10-25 12:00:00,0,Tanya
2022-10-26 12:00:00,0,Inga
2022-10-26 12:00:00,0,Kaari
2022-10-26 12:00:00,0,Kelly
2022-10-26 12:00:00,0,Kevin
2022-10-26 12:00:00,0,Klara
2022-10-26 12:00:00,0,Maico
2022-10-26 12:00:00,0,Nick
2022-10-26 12:00:00,0,Stefan
2022-10-26 12:00:00,0,Tanya
2022-10-27 12:00:00,0,Inga
2022-10-27 12:00:00,0,Kaari
2022-10-27 12:00:00,0,Kelly
2022-10-27 12:00:00,0,Kevin
2022-10-27 12:00:00,0,Klara
2022-10-27 12:00:00,0,Maico
2022-10-27 12:00:00,0,Nick
2022-10-27 12:00:00,0,Stefan
2022-10-27 12:00:00,0,Tanya
2022-10-28 12:00:00,0,Inga
2022-10-28 12:00:00,0,Kaari
2022-10-28 12:00:00,0,Kelly
2022-10-28 12:00:00,0,Kevin
2022-10-28 12:00:00,0,Klara
2022-10-28 12:00:00,0,Maico
2022-10-28 12:00:00,0,Nick
2022-10-28 12:00:00,0,Stefan
2022-10-28 12:00:00,0,Tanya
2022-10-29 12:00:00,0,Inga
2022-10-29 12:00:00,0,Kaari
2022-10-29 12:00:00,0,Kelly
2022-10-29 12:00:00,0,Kevin
2022-10-29 12:00:00,0,Klara
2022-10-29 12:00:00,0,Maico
2022-10-29 12:00:00,0,Nick
2022-10-29 12:00:00,0,Stefan
2022-10-29 12:00:00,0,Tanya
2022-10-30 12:00:00,0,Inga
2022-10-30 12:00:00,0,Kaari
2022-10-30 12:00:00,0,Kelly
2022-10-30 12:00:00,0,Kevin
2022-10-30 12:00:00,0,Klara
2022-10-30 12:00:00,0,Maico
2022-10-30 12:00:00,0,Nick
2022-10-30 12:00:00,0,Tanya
2022-10-30 12:00:00,50,Stefan
2022-10-31 12:00:00,0,Inga
2022-10-31 12:00:00,0,Kaari
2022-10-31 12:00:00,0,Kelly
2022-10-31 12:00:00,0,Kevin
2022-10-31 12:00:00,0,Klara
2022-10-31 12:00:00,0,Maico
2022-10-31 12:00:00,0,Nick
2022-10-31 12:00:00,0,Stefan
2022-10-31 12:00:00,0,Tanya
2022-11-01 12:00:00,0,Inga
2022-11-01 12:00:00,0,Kaari
2022-11-01 12:00:00,0,Kelly
2022-11-01 12:00:00,0,Kevin
2022-11-01 12:00:00,0,Klara
2022-11-01 12:00:00,0,Maico
2022-11-01 12:00:00,0,Nick
2022-11-01 12:00:00,0,Stefan
2022-11-01 12:00:00,0,Tanya
2022-11-02 12:00:00,0,Inga
2022-11-02 12:00:00,0,Kaari
2022-11-02 12:00:00,0,Kelly
2022-11-02 12:00:00,0,Kevin
2022-11-02 12:00:00,0,Klara
2022-11-02 12:00:00,0,Maico
2022-11-02 12:00:00,0,Nick
2022-11-02 12:00:00,0,Stefan
2022-11-02 12:00:00,0,Tanya
2022-11-03 12:00:00,0,Inga
2022-11-03 12:00:00,0,Kaari
2022-11-03 12:00:00,0,Kelly
2022-11-03 12:00:00,0,Kevin
2022-11-03 12:00:00,0,Klara
2022-11-03 12:00:00,0,Nick
2022-11-03 12:00:00,0,Stefan
2022-11-03 12:00:00,0,Tanya
2022-11-03 12:00:00,70,Maico
2022-11-04 12:00:00,0,Inga
2022-11-04 12:00:00,0,Kaari
2022-11-04 12:00:00,0,Kelly
2022-11-04 12:00:00,0,Kevin
2022-11-04 12:00:00,0,Klara
2022-11-04 12:00:00,0,Maico
2022-11-04 12:00:00,0,Nick
2022-11-04 12:00:00,0,Stefan
2022-11-04 12:00:00,0,Tanya
2022-11-05 12:00:00,0,Inga
2022-11-05 12:00:00,0,Kaari
2022-11-05 12:00:00,0,Kelly
2022-11-05 12:00:00,0,Kevin
2022-11-05 12:00:00,0,Nick
2022-11-05 12:00:00,0,Tanya
2022-11-05 12:00:00,16,Klara
2022-11-05 12:00:00,30,Maico
2022-11-05 12:00:00,50,Stefan
2022-11-06 12:00:00,0,Inga
2022-11-06 12:00:00,0,Kaari
2022-11-06 12:00:00,0,Kelly
2022-11-06 12:00:00,0,Kevin
2022-11-06 12:00:00,0,Klara
2022-11-06 12:00:00,0,Maico
2022-11-06 12:00:00,0,Nick
2022-11-06 12:00:00,0,Tanya
2022-11-06 12:00:00,50,Stefan
2022-11-07 12:00:00,0,Inga
2022-11-07 12:00:00,0,Kaari
2022-11-07 12:00:00,0,Kelly
2022-11-07 12:00:00,0,Kevin
2022-11-07 12:00:00,0,Klara
2022-11-07 12:00:00,0,Maico
2022-11-07 12:00:00,0,Nick
2022-11-07 12:00:00,0,Tanya
2022-11-07 12:00:00,30,Stefan
2022-11-08 12:00:00,0,Inga
2022-11-08 12:00:00,0,Kaari
2022-11-08 12:00:00,0,Kelly
2022-11-08 12:00:00,0,Kevin
2022-11-08 12:00:00,0,Maico
2022-11-08 12:00:00,0,Nick
2022-11-08 12:00:00,0,Tanya
2022-11-08 12:00:00,14,Klara
2022-11-08 12:00:00,50,Stefan
2022-11-09 12:00:00,0,Inga
2022-11-09 12:00:00,0,Kaari
2022-11-09 12:00:00,0,Kelly
2022-11-09 12:00:00,0,Kevin
2022-11-09 12:00:00,0,Klara
2022-11-09 12:00:00,0,Maico
2022-11-09 12:00:00,0,Nick
2022-11-09 12:00:00,0,Stefan
2022-11-09 12:00:00,0,Tanya
2022-11-10 12:00:00,0,Inga
2022-11-10 12:00:00,0,Kaari
2022-11-10 12:00:00,0,Kelly
2022-11-10 12:00:00,0,Kevin
2022-11-10 12:00:00,0,Klara
2022-11-10 12:00:00,0,Maico
2022-11-10 12:00:00,0,Nick
2022-11-10 12:00:00,0,Tanya
2022-11-10 12:00:00,50,Stefan
2022-11-11 12:00:00,0,Inga
2022-11-11 12:00:00,0,Kaari
2022-11-11 12:00:00,0,Kelly
2022-11-11 12:00:00,0,Kevin
2022-11-11 12:00:00,0,Klara
2022-11-11 12:00:00,0,Maico
2022-11-11 12:00:00,0,Nick
2022-11-11 12:00:00,0,Tanya
2022-11-11 12:00:00,50,Stefan
2022-11-12 12:00:00,0,Inga
2022-11-12 12:00:00,0,Kaari
2022-11-12 12:00:00,0,Kelly
2022-11-12 12:00:00,0,Kevin
2022-11-12 12:00:00,0,Klara
2022-11-12 12:00:00,0,Maico
2022-11-12 12:00:00,0,Nick
2022-11-12 12:00:00,0,Tanya
2022-11-12 12:00:00,130,Stefan
2022-11-13 12:00:00,0,Inga
2022-11-13 12:00:00,0,Kaari
2022-11-13 12:00:00,0,Kelly
2022-11-13 12:00:00,0,Kevin
2022-11-13 12:00:00,0,Klara
2022-11-13 12:00:00,0,Maico
2022-11-13 12:00:00,0,Nick
2022-11-13 12:00:00,0,Tanya
2022-11-13 12:00:00,50,Stefan
2022-11-14 12:00:00,0,Inga
2022-11-14 12:00:00,0,Kaari
2022-11-14 12:00:00,0,Kelly
2022-11-14 12:00:00,0,Kevin
2022-11-14 12:00:00,0,Klara
2022-11-14 12:00:00,0,Maico
2022-11-14 12:00:00,0,Nick
2022-11-14 12:00:00,0,Tanya
2022-11-14 12:00:00,56,Stefan
2022-11-15 12:00:00,0,Inga
2022-11-15 12:00:00,0,Kaari
2022-11-15 12:00:00,0,Kelly
2022-11-15 12:00:00,0,Kevin
2022-11-15 12:00:00,0,Klara
2022-11-15 12:00:00,0,Maico
2022-11-15 12:00:00,0,Nick
2022-11-15 12:00:00,0,Tanya
2022-11-15 12:00:00,30,Stefan
2022-11-16 12:00:00,0,Inga
2022-11-16 12:00:00,0,Kaari
2022-11-16 12:00:00,0,Kelly
2022-11-16 12:00:00,0,Kevin
2022-11-16 12:00:00,0,Klara
2022-11-16 12:00:00,0,Maico
2022-11-16 12:00:00,0,Nick
2022-11-16 12:00:00,0,Stefan
2022-11-16 12:00:00,0,Tanya
2022-11-17 12:00:00,0,Inga
2022-11-17 12:00:00,0,Kaari
2022-11-17 12:00:00,0,Kelly
2022-11-17 12:00:00,0,Kevin
2022-11-17 12:00:00,0,Klara
2022-11-17 12:00:00,0,Maico
2022-11-17 12:00:00,0,Nick
2022-11-17 12:00:00,0,Tanya
2022-11-17 12:00:00,50,Stefan
2022-11-18 12:00:00,0,Inga
2022-11-18 12:00:00,0,Kaari
2022-11-18 12:00:00,0,Kelly
2022-11-18 12:00:00,0,Kevin
2022-11-18 12:00:00,0,Klara
2022-11-18 12:00:00,0,Maico
2022-11-18 12:00:00,0,Nick
2022-11-18 12:00:00,0,Tanya
2022-11-18 12:00:00,100,Stefan
2022-11-19 12:00:00,0,Inga
2022-11-19 12:00:00,0,Kaari
2022-11-19 12:00:00,0,Kelly
2022-11-19 12:00:00,0,Kevin
2022-11-19 12:00:00,0,Klara
2022-11-19 12:00:00,0,Maico
2022-11-19 12:00:00,0,Nick
2022-11-19 12:00:00,0,Stefan
2022-11-19 12:00:00,0,Tanya
2022-11-20 12:00:00,0,Inga
2022-11-20 12:00:00,0,Kaari
2022-11-20 12:00:00,0,Kelly
2022-11-20 12:00:00,0,Kevin
2022-11-20 12:00:00,0,Klara
2022-11-20 12:00:00,0,Maico
2022-11-20 12:00:00,0,Nick
2022-11-20 12:00:00,0,Tanya
2022-11-20 12:00:00,50,Stefan
2022-11-21 12:00:00,0,Inga
2022-11-21 12:00:00,0,Kaari
2022-11-21 12:00:00,0,Kelly
2022-11-21 12:00:00,0,Kevin
2022-11-21 12:00:00,0,Klara
2022-11-21 12:00:00,0,Nick
2022-11-21 12:00:00,0,Tanya
2022-11-21 12:00:00,20,Maico
2022-11-21 12:00:00,40,Stefan
2022-11-22 12:00:00,0,Inga
2022-11-22 12:00:00,0,Kaari
2022-11-22 12:00:00,0,Kelly
2022-11-22 12:00:00,0,Kevin
2022-11-22 12:00:00,0,Klara
2022-11-22 12:00:00,0,Nick
2022-11-22 12:00:00,0,Stefan
2022-11-22 12:00:00,0,Tanya
2022-11-22 12:00:00,30,Maico
2022-11-23 12:00:00,0,Inga
2022-11-23 12:00:00,0,Kaari
2022-11-23 12:00:00,0,Kelly
2022-11-23 12:00:00,0,Kevin
2022-11-23 12:00:00,0,Klara
2022-11-23 12:00:00,0,Maico
2022-11-23 12:00:00,0,Nick
2022-11-23 12:00:00,0,Tanya
2022-11-23 12:00:00,50,Stefan
2022-11-24 12:00:00,0,Inga
2022-11-24 12:00:00,0,Kaari
2022-11-24 12:00:00,0,Kelly
2022-11-24 12:00:00,0,Kevin
2022-11-24 12:00:00,0,Klara
2022-11-24 12:00:00,0,Maico
2022-11-24 12:00:00,0,Nick
2022-11-24 12:00:00,0,Tanya
2022-11-24 12:00:00,50,Stefan
2022-11-25 12:00:00,0,Inga
2022-11-25 12:00:00,0,Kaari
2022-11-25 12:00:00,0,Kelly
2022-11-25 12:00:00,0,Kevin
2022-11-25 12:00:00,0,Klara
2022-11-25 12:00:00,0,Maico
2022-11-25 12:00:00,0,Nick
2022-11-25 12:00:00,0,Stefan
2022-11-25 12:00:00,0,Tanya
2022-11-26 12:00:00,0,Inga
2022-11-26 12:00:00,0,Kaari
2022-11-26 12:00:00,0,Kelly
2022-11-26 12:00:00,0,Kevin
2022-11-26 12:00:00,0,Klara
2022-11-26 12:00:00,0,Maico
2022-11-26 12:00:00,0,Nick
2022-11-26 12:00:00,0,Stefan
2022-11-26 12:00:00,0,Tanya
2022-11-27 12:00:00,0,Inga
2022-11-27 12:00:00,0,Kaari
2022-11-27 12:00:00,0,Kelly
2022-11-27 12:00:00,0,Kevin
2022-11-27 12:00:00,0,Klara
2022-11-27 12:00:00,0,Maico
2022-11-27 12:00:00,0,Nick
2022-11-27 12:00:00,0,Tanya
2022-11-27 12:00:00,50,Stefan
2022-11-28 12:00:00,0,Inga
2022-11-28 12:00:00,0,Kaari
2022-11-28 12:00:00,0,Kelly
2022-11-28 12:00:00,0,Kevin
2022-11-28 12:00:00,0,Klara
2022-11-28 12:00:00,0,Maico
2022-11-28 12:00:00,0,Nick
2022-11-28 12:00:00,0,Tanya
2022-11-28 12:00:00,5,Stefan
2022-11-29 12:00:00,0,Inga
2022-11-29 12:00:00,0,Kaari
2022-11-29 12:00:00,0,Kelly
2022-11-29 12:00:00,0,Kevin
2022-11-29 12:00:00,0,Klara
2022-11-29 12:00:00,0,Maico
2022-11-29 12:00:00,0,Nick
2022-11-29 12:00:00,0,Stefan
2022-11-29 12:00:00,0,Tanya
2022-11-30 12:00:00,0,Inga
2022-11-30 12:00:00,0,Kaari
2022-11-30 12:00:00,0,Kelly
2022-11-30 12:00:00,0,Kevin
2022-11-30 12:00:00,0,Klara
2022-11-30 12:00:00,0,Maico
2022-11-30 12:00:00,0,Nick
2022-11-30 12:00:00,0,Tanya
2022-11-30 12:00:00,30,Stefan
2022-12-01 12:00:00,0,Inga
2022-12-01 12:00:00,0,Kaari
2022-12-01 12:00:00,0,Kelly
2022-12-01 12:00:00,0,Kevin
2022-12-01 12:00:00,0,Klara
2022-12-01 12:00:00,0,Maico
2022-12-01 12:00:00,0,Nick
2022-12-01 12:00:00,0,Stefan
2022-12-01 12:00:00,0,Tanya
2022-12-02 12:00:00,0,Inga
2022-12-02 12:00:00,0,Kaari
2022-12-02 12:00:00,0,Kelly
2022-12-02 12:00:00,0,Kevin
2022-12-02 12:00:00,0,Klara
2022-12-02 12:00:00,0,Maico
2022-12-02 12:00:00,0,Nick
2022-12-02 12:00:00,0,Stefan
2022-12-02 12:00:00,0,Tanya
2022-12-03 12:00:00,0,Inga
2022-12-03 12:00:00,0,Kaari
2022-12-03 12:00:00,0,Kelly
2022-12-03 12:00:00,0,Kevin
2022-12-03 12:00:00,0,Maico
2022-12-03 12:00:00,0,Nick
2022-12-03 12:00:00,0,Stefan
2022-12-03 12:00:00,0,Tanya
2022-12-03 12:00:00,16,Klara
2022-12-04 12:00:00,0,Inga
2022-12-04 12:00:00,0,Kaari
2022-12-04 12:00:00,0,Kelly
2022-12-04 12:00:00,0,Kevin
2022-12-04 12:00:00,0,Klara
2022-12-04 12:00:00,0,Maico
2022-12-04 12:00:00,0,Nick
2022-12-04 12:00:00,0,Stefan
2022-12-04 12:00:00,0,Tanya
2022-12-05 12:00:00,0,Inga
2022-12-05 12:00:00,0,Kaari
2022-12-05 12:00:00,0,Kelly
2022-12-05 12:00:00,0,Kevin
2022-12-05 12:00:00,0,Klara
2022-12-05 12:00:00,0,Maico
2022-12-05 12:00:00,0,Nick
2022-12-05 12:00:00,0,Tanya
2022-12-05 12:00:00,50,Stefan
2022-12-06 12:00:00,0,Inga
2022-12-06 12:00:00,0,Kaari
2022-12-06 12:00:00,0,Kelly
2022-12-06 12:00:00,0,Kevin
2022-12-06 12:00:00,0,Klara
2022-12-06 12:00:00,0,Maico
2022-12-06 12:00:00,0,Nick
2022-12-06 12:00:00,0,Stefan
2022-12-06 12:00:00,0,Tanya
2022-12-07 12:00:00,0,Inga
2022-12-07 12:00:00,0,Kaari
2022-12-07 12:00:00,0,Kelly
2022-12-07 12:00:00,0,Kevin
2022-12-07 12:00:00,0,Klara
2022-12-07 12:00:00,0,Maico
2022-12-07 12:00:00,0,Nick
2022-12-07 12:00:00,0,Stefan
2022-12-07 12:00:00,0,Tanya
2022-12-08 12:00:00,0,Inga
2022-12-08 12:00:00,0,Kaari
2022-12-08 12:00:00,0,Kelly
2022-12-08 12:00:00,0,Kevin
2022-12-08 12:00:00,0,Klara
2022-12-08 12:00:00,0,Maico
2022-12-08 12:00:00,0,Nick
2022-12-08 12:00:00,0,Tanya
2022-12-08 12:00:00,100,Stefan
2022-12-09 12:00:00,0,Inga
2022-12-09 12:00:00,0,Kaari
2022-12-09 12:00:00,0,Kelly
2022-12-09 12:00:00,0,Kevin
2022-12-09 12:00:00,0,Klara
2022-12-09 12:00:00,0,Maico
2022-12-09 12:00:00,0,Nick
2022-12-09 12:00:00,0,Tanya
2022-12-09 12:00:00,50,Stefan
2022-12-10 12:00:00,0,Inga
2022-12-10 12:00:00,0,Kaari
2022-12-10 12:00:00,0,Kelly
2022-12-10 12:00:00,0,Kevin
2022-12-10 12:00:00,0,Klara
2022-12-10 12:00:00,0,Maico
2022-12-10 12:00:00,0,Nick
2022-12-10 12:00:00,0,Tanya
2022-12-10 12:00:00,185,Stefan
2022-12-11 12:00:00,0,Inga
2022-12-11 12:00:00,0,Kaari
2022-12-11 12:00:00,0,Kelly
2022-12-11 12:00:00,0,Kevin
2022-12-11 12:00:00,0,Klara
2022-12-11 12:00:00,0,Maico
2022-12-11 12:00:00,0,Nick
2022-12-11 12:00:00,0,Tanya
2022-12-11 12:00:00,50,Stefan
2022-12-12 12:00:00,0,Inga
2022-12-12 12:00:00,0,Kaari
2022-12-12 12:00:00,0,Kelly
2022-12-12 12:00:00,0,Kevin
2022-12-12 12:00:00,0,Klara
2022-12-12 12:00:00,0,Maico
2022-12-12 12:00:00,0,Nick
2022-12-12 12:00:00,0,Stefan
2022-12-12 12:00:00,0,Tanya
2022-12-13 12:00:00,0,Inga
2022-12-13 12:00:00,0,Kaari
2022-12-13 12:00:00,0,Kelly
2022-12-13 12:00:00,0,Kevin
2022-12-13 12:00:00,0,Klara
2022-12-13 12:00:00,0,Maico
2022-12-13 12:00:00,0,Nick
2022-12-13 12:00:00,0,Stefan
2022-12-13 12:00:00,0,Tanya
2022-12-14 12:00:00,0,Inga
2022-12-14 12:00:00,0,Kaari
2022-12-14 12:00:00,0,Kelly
2022-12-14 12:00:00,0,Kevin
2022-12-14 12:00:00,0,Klara
2022-12-14 12:00:00,0,Maico
2022-12-14 12:00:00,0,Nick
2022-12-14 12:00:00,0,Stefan
2022-12-14 12:00:00,0,Tanya
2022-12-15 12:00:00,0,Inga
2022-12-15 12:00:00,0,Kaari
2022-12-15 12:00:00,0,Kelly
2022-12-15 12:00:00,0,Kevin
2022-12-15 12:00:00,0,Klara
2022-12-15 12:00:00,0,Maico
2022-12-15 12:00:00,0,Nick
2022-12-15 12:00:00,0,Stefan
2022-12-15 12:00:00,0,Tanya
2022-12-16 12:00:00,0,Inga
2022-12-16 12:00:00,0,Kaari
2022-12-16 12:00:00,0,Kelly
2022-12-16 12:00:00,0,Kevin
2022-12-16 12:00:00,0,Klara
2022-12-16 12:00:00,0,Maico
2022-12-16 12:00:00,0,Nick
2022-12-16 12:00:00,0,Stefan
2022-12-16 12:00:00,0,Tanya
2022-12-17 12:00:00,0,Inga
2022-12-17 12:00:00,0,Kaari
2022-12-17 12:00:00,0,Kelly
2022-12-17 12:00:00,0,Kevin
2022-12-17 12:00:00,0,Klara
2022-12-17 12:00:00,0,Maico
2022-12-17 12:00:00,0,Nick
2022-12-17 12:00:00,0,Stefan
2022-12-17 12:00:00,0,Tanya
2022-12-18 12:00:00,0,Inga
2022-12-18 12:00:00,0,Kaari
2022-12-18 12:00:00,0,Kelly
2022-12-18 12:00:00,0,Kevin
2022-12-18 12:00:00,0,Klara
2022-12-18 12:00:00,0,Maico
2022-12-18 12:00:00,0,Nick
2022-12-18 12:00:00,0,Tanya
2022-12-18 12:00:00,30,Stefan
2022-12-19 12:00:00,0,Inga
2022-12-19 12:00:00,0,Kaari
2022-12-19 12:00:00,0,Kelly
2022-12-19 12:00:00,0,Kevin
2022-12-19 12:00:00,0,Klara
2022-12-19 12:00:00,0,Maico
2022-12-19 12:00:00,0,Nick
2022-12-19 12:00:00,0,Stefan
2022-12-19 12:00:00,0,Tanya
2022-12-20 12:00:00,0,Inga
2022-12-20 12:00:00,0,Kaari
2022-12-20 12:00:00,0,Kelly
2022-12-20 12:00:00,0,Kevin
2022-12-20 12:00:00,0,Klara
2022-12-20 12:00:00,0,Maico
2022-12-20 12:00:00,0,Nick
2022-12-20 12:00:00,0,Stefan
2022-12-20 12:00:00,0,Tanya
2022-12-21 12:00:00,0,Inga
2022-12-21 12:00:00,0,Kaari
2022-12-21 12:00:00,0,Kelly
2022-12-21 12:00:00,0,Kevin
2022-12-21 12:00:00,0,Klara
2022-12-21 12:00:00,0,Maico
2022-12-21 12:00:00,0,Nick
2022-12-21 12:00:00,0,Stefan
2022-12-21 12:00:00,0,Tanya
2022-12-22 12:00:00,0,Inga
2022-12-22 12:00:00,0,Kaari
2022-12-22 12:00:00,0,Kelly
2022-12-22 12:00:00,0,Kevin
2022-12-22 12:00:00,0,Klara
2022-12-22 12:00:00,0,Maico
2022-12-22 12:00:00,0,Nick
2022-12-22 12:00:00,0,Stefan
2022-12-22 12:00:00,0,Tanya
2022-12-23 12:00:00,0,Inga
2022-12-23 12:00:00,0,Kaari
2022-12-23 12:00:00,0,Kelly
2022-12-23 12:00:00,0,Kevin
2022-12-23 12:00:00,0,Klara
2022-12-23 12:00:00,0,Maico
2022-12-23 12:00:00,0,Nick
2022-12-23 12:00:00,0,Stefan
2022-12-23 12:00:00,0,Tanya
2022-12-24 12:00:00,0,Inga
2022-12-24 12:00:00,0,Kaari
2022-12-24 12:00:00,0,Kelly
2022-12-24 12:00:00,0,Kevin
2022-12-24 12:00:00,0,Klara
2022-12-24 12:00:00,0,Maico
2022-12-24 12:00:00,0,Nick
2022-12-24 12:00:00,0,Stefan
2022-12-24 12:00:00,0,Tanya
2022-12-25 12:00:00,0,Inga
2022-12-25 12:00:00,0,Kaari
2022-12-25 12:00:00,0,Kelly
2022-12-25 12:00:00,0,Kevin
2022-12-25 12:00:00,0,Klara
2022-12-25 12:00:00,0,Maico
2022-12-25 12:00:00,0,Nick
2022-12-25 12:00:00,0,Tanya
2022-12-25 12:00:00,10,Stefan
2022-12-26 12:00:00,0,Inga
2022-12-26 12:00:00,0,Kaari
2022-12-26 12:00:00,0,Kelly
2022-12-26 12:00:00,0,Kevin
2022-12-26 12:00:00,0,Klara
2022-12-26 12:00:00,0,Maico
2022-12-26 12:00:00,0,Nick
2022-12-26 12:00:00,0,Tanya
2022-12-26 12:00:00,75,Stefan
2022-12-27 12:00:00,0,Inga
2022-12-27 12:00:00,0,Kaari
2022-12-27 12:00:00,0,Kelly
2022-12-27 12:00:00,0,Kevin
2022-12-27 12:00:00,0,Klara
2022-12-27 12:00:00,0,Maico
2022-12-27 12:00:00,0,Nick
2022-12-27 12:00:00,0,Stefan
2022-12-27 12:00:00,0,Tanya
2022-12-28 12:00:00,0,Inga
2022-12-28 12:00:00,0,Kaari
2022-12-28 12:00:00,0,Kelly
2022-12-28 12:00:00,0,Kevin
2022-12-28 12:00:00,0,Klara
2022-12-28 12:00:00,0,Maico
2022-12-28 12:00:00,0,Nick
2022-12-28 12:00:00,0,Stefan
2022-12-28 12:00:00,0,Tanya
2022-12-29 12:00:00,0,Inga
2022-12-29 12:00:00,0,Kaari
2022-12-29 12:00:00,0,Kelly
2022-12-29 12:00:00,0,Kevin
2022-12-29 12:00:00,0,Klara
2022-12-29 12:00:00,0,Maico
2022-12-29 12:00:00,0,Nick
2022-12-29 12:00:00,0,Stefan
2022-12-29 12:00:00,0,Tanya
2022-12-30 12:00:00,0,Inga
2022-12-30 12:00:00,0,Kaari
2022-12-30 12:00:00,0,Kelly
2022-12-30 12:00:00,0,Kevin
2022-12-30 12:00:00,0,Klara
2022-12-30 12:00:00,0,Maico
2022-12-30 12:00:00,0,Nick
2022-12-30 12:00:00,0,Stefan
2022-12-30 12:00:00,0,Tanya
2022-12-31 12:00:00,0,Inga
2022-12-31 12:00:00,0,Kaari
2022-12-31 12:00:00,0,Kelly
2022-12-31 12:00:00,0,Kevin
2022-12-31 12:00:00,0,Klara
2022-12-31 12:00:00,0,Maico
2022-12-31 12:00:00,0,Nick
2022-12-31 12:00:00,0,Tanya
2022-12-31 12:00:00,43,Stefan
2024-12-08 19:55:35,1,Nick
2024-12-08 19:55:43,10,Nick
2024-12-08 19:55:49,5,Nick
2024-12-08 19:56:11,10,Stefan
2024-12-08 19:56:18,5,Stefan
2024-12-08 19:56:27,12,Stefan
2024-12-08 20:00:06,12,Stefan
2024-12-08 20:00:14,4,Stefan
2024-12-08 20:00:19,6,Stefan
2024-12-08 20:00:50,1,Nick
2024-12-08 20:00:51,1,Nick
2024-12-08 20:00:53,1,Nick
2024-12-08 20:00:59,19,Nick
2024-12-08 20:02:36,13,Nick
2024-12-08 20:02:53,6,Stefan
2024-12-08 20:03:12,6,Stefan
2024-12-08 20:03:19,4,Stefan
2024-12-08 20:32:28,6,Nick
2024-12-08 20:32:48,5,Stefan
2024-12-08 21:33:26,1,Nick
2024-12-08 21:33:41,10,Nick
2024-12-08 21:43:45,12,Nick
2024-12-08 22:11:29,2,Nick
2024-12-08 22:11:39,2,Nick
2024-12-08 22:11:40,2,Nick
2024-12-08 22:11:41,2,Nick
2024-12-08 22:11:42,2,Nick
2024-12-08 22:33:01,1,Nick
2024-12-09 13:33:44,1,Nick
2024-12-09 13:39:46,1,Nick
2024-12-09 13:45:49,1,Nick
2024-12-09 13:50:35,10,Nick
2024-12-09 13:51:56,10,Nick
2024-12-09 13:52:24,10,Nick
2024-12-09 13:52:51,10,Nick
2024-12-09 14:28:59,10,Stefan
